loan_id,predicted_pd
77757,0.16235555021528977
146564,0.4508631328898177
152911,0.483744223830366
167669,0.42753074634077787
169271,0.6698843708081604
204428,0.4429954794934147
257100,0.5894720395367135
264101,0.5324652696807939
280733,0.5460843976015404
285386,0.13666321615076032
345503,0.4603303292640347
351026,0.1312133271567038
351734,0.5795496337950817
352645,0.40284090450484594
361677,0.03296169664322835
381265,0.5211323855245068
388497,0.4789941211496397
412736,0.42071086290223964
415990,0.1354189353041411
421971,0.6089761139135563
423396,0.5150871967130679
464677,0.5004392671047434
479215,0.11509584242383718
486412,0.08941015873378536
488783,0.12071824854621388
502326,0.5346415628995408
515798,0.1370108545736617
519950,0.1215780507989255
528810,0.505413284401554
532621,0.5443020377046534
534128,0.4371971768800269
538862,0.10428816739290481
548792,0.4402931116146772
550558,0.6067551781917399
581087,0.41224007200890617
589786,0.13160818571208227
590102,0.510603303834591
603999,0.19699621531998765
622808,0.39709683302296467
630959,0.028962567308518483
631347,0.08925290605717358
661258,0.6677776827686593
665860,0.14998375265607727
667962,0.11587504117619297
669574,0.40828176635056357
674749,0.5361419209041385
679729,0.10485088077249184
686310,0.10172404712280934
696566,0.5376836307107209
708241,0.6372614089090641
716187,0.511587411746116
716589,0.5807853490707177
716791,0.4108726962612214
719204,0.7026840279660338
739407,0.41724585886644744
747991,0.10732809702428295
748740,0.643065960690609
758995,0.1142308964795249
759277,0.5372369443843248
761524,0.46291636881023307
768638,0.507869444520046
769653,0.5930739787728492
771753,0.08782769710718374
787086,0.5907986995708054
796979,0.4207041428910235
799595,0.5472698379054891
828539,0.6300581495499794
832885,0.5283338253392761
841266,0.6354726021281693
853204,0.5334808962121628
856521,0.08305397153077736
878197,0.36721155775277853
981989,0.5281194781806371
993768,0.5320304236000823
1006327,0.10319966543053607
1032493,0.5932894834522948
1038542,0.41283087915828753
1038701,0.1584312583515792
1038943,0.5110879949714627
1042060,0.6625206051786648
1045401,0.1463633238632982
1045795,0.186823939480306
1047748,0.5888923400692873
1051513,0.5135524131544476
1064698,0.5126609520234162
1067223,0.1555918878509809
1076751,0.4768762546416998
1082215,0.45081411099088653
1100379,0.1406328511912689
1100464,0.4450713704176658
1106661,0.4156793357414785
1113592,0.13193633502049615
1119494,0.15541942500491218
1119853,0.26047816932371093
1122759,0.540875076537135
1133113,0.5566955510005123
1145764,0.12413936361310726
1148022,0.12283179517021414
1149580,0.10947341016418102
1172473,0.1238958741736269
1182417,0.12384963748575142
1197293,0.5690637549428532
1198440,0.11958375866597563
1204574,0.5353396666209468
1227103,0.4709112904961395
1234072,0.4903710221714863
1239426,0.1730216498515933
1250833,0.4268840457592832
1254093,0.07338422178737102
1257211,0.026975548626271568
1257303,0.6474559746266046
1258839,0.09529064381010972
1267221,0.5609401964904469
1291078,0.6231651337007489
1302934,0.09392181293897063
1341951,0.6192408422717675
1345783,0.580016226430832
1349788,0.5351320355330565
1358908,0.44713005982819987
1359088,0.5846414091493406
1367016,0.6157636574543118
1376475,0.6051702006887101
1383574,0.15399005748544312
1390080,0.5047677646038534
1392467,0.5537281586803892
1393562,0.5076993763642799
1396556,0.17122854396919085
1399622,0.5468212354466807
1400329,0.4459291473154795
1417340,0.151760663057638
1422561,0.5785376839529699
1431276,0.6972508159273226
1459059,0.07760856771439122
1465624,0.6013984788760796
1477060,0.5707167529483863
1479604,0.43751165463289954
1485197,0.607176299321553
1496047,0.09392079400730202
1508777,0.5354207348375828
1518451,0.09666127683316418
1523175,0.18496710916090736
1523414,0.5445939520434366
1524629,0.746172599206275
1536519,0.5504034102448998
1536933,0.3844610373209409
1543181,0.14678570702474714
1549805,0.5436771918700489
1552538,0.10001608072681742
1576690,0.17733289051348422
1577542,0.07710373935584498
1582802,0.627174688744271
1595780,0.21052865450331915
1596426,0.5118994761770709
1602924,0.536055910782083
1613599,0.6084920889129207
1614754,0.548342653831329
1622588,0.17574880478433286
1675344,0.5464112851100679
1678824,0.6112321774450828
1681116,0.5510311594428922
1690270,0.6327990540089168
1690809,0.19473065148902713
1691812,0.6253494388375256
1864837,0.28015690679149197
1954802,0.5212816356558383
2014734,0.15949939965210697
2083414,0.12781112183902044
2083567,0.15610399909307737
2224788,0.53504630282443
2228099,0.5274947532479612
2296962,0.5138835781409186
2300136,0.06068252179194573
2380259,0.6799150709626159
2477562,0.43763415558713853
2486197,0.10959909277172401
2644934,0.1275001082920849
2835707,0.18490019778552863
2838671,0.5806851539887843
2896422,0.5739007450097299
2897040,0.17695287249583597
2994578,0.5858941968754725
3054615,0.5178134895758303
3056752,0.11261011509381519
3096651,0.5129560523565437
3096849,0.4847699189574776
3097091,0.5094325875257038
3144930,0.5778613832803128
3152963,0.583160450924467
3194667,0.155835491143589
3195534,0.519245571773053
3286615,0.5034982943916629
3296375,0.017416951499414465
3297740,0.548522800808782
3347885,0.17313346502341512
3352606,0.5731041264745481
3356822,0.08158851728106027
3370245,0.12434426770349506
3379100,0.1532226238281801
3381704,0.6051951617956014
3494599,0.5485550249718271
3526968,0.5488047517357674
3527974,0.1952102224860919
3638038,0.14904289569139967
3641139,0.07802841009178739
3642670,0.6445839833805722
3665055,0.5417857757102116
3665476,0.5034801510397544
3666108,0.13983654023420183
3675370,0.6779764004052263
3698365,0.6605765736661375
3703410,0.5191400955563038
3724789,0.5899879822157441
3846886,0.10778894984340548
3848844,0.6391124583893134
3914664,0.13225756766470234
3921604,0.4493956441704497
4094872,0.3319884290885226
4186761,0.6094993886184223
4215086,0.23362059680922084
4285177,0.6227958504790909
4289826,0.7742329761641896
4295681,0.5286529462345871
4296951,0.8424713922338999
4305951,0.4525215578143206
4309125,0.5981407181145654
4334576,0.5194954430725544
4375081,0.5532761956571536
4425347,0.42295812695061713
4435401,0.5367261267061975
4554864,0.5657743942859229
4566999,0.6725670132840494
4568460,0.10690282116777197
4767528,0.5185334031639813
4788255,0.6377425861594079
4806840,0.5688102074642343
4895227,0.31846349507601857
4915630,0.5098695600427365
5027623,0.5922208873040279
5031747,0.1665702711940216
5036035,0.6077288341895283
5037288,0.626518473698774
5042962,0.508931123413456
5115188,0.5270098180089755
5115494,0.5009849975550624
5146699,0.5459200296631057
5155575,0.6014947828662512
5166080,0.5291488940568474
5244886,0.5231908399007748
5355634,0.03349899908448683
5355935,0.6534560674263892
5364651,0.16682945927516163
5375806,0.6339753120890781
5375907,0.6147480981868303
5425925,0.19734655187232403
5454839,0.5499758797369847
5616929,0.5802081500334775
5617638,0.4288553982760601
5619888,0.6223458869914055
5629451,0.18792564814733626
5685380,0.7168284234538026
5716676,0.5621791646241908
5762939,0.6646670362122808
5768223,0.29369817159265393
5777184,0.5755938628644554
5787702,0.5756894668664087
5797435,0.6225685318541443
5800614,0.608857862299137
5845030,0.1315217479676821
5845153,0.46706588493661283
5874649,0.14633128221361152
5885255,0.6987118919657324
5895321,0.6287003154743211
5957638,0.5048010317466707
5976653,0.7247783079075246
6104696,0.5768235969526708
6155487,0.14304390172473333
6186680,0.5767106902575347
6188865,0.16862435423534822
6204922,0.24751713093718164
6224754,0.5159703204691275
6235563,0.47734573119214446
6317196,0.6075522615730462
6325839,0.492215664344636
6326936,0.6085825313223542
6329306,0.5780196519935045
6344920,0.6080714792689488
6414817,0.49719783692384856
6531692,0.08752480327904592
6539460,0.6400550984351338
6548265,0.5939090050617587
6564601,0.6317693559414858
6566157,0.5342643593189645
6578402,0.6528049266957974
6596396,0.43504913042972165
6636043,0.39892341973661727
6694833,0.6255203695420092
6697268,0.8331192696053293
6707052,0.5501499608609455
6719379,0.5911383667640665
6787161,0.6329516392066254
6788693,0.592834601398344
6805243,0.5442240450548855
6807055,0.647071151112073
6809431,0.5121726577046667
6825185,0.5783302873384047
6825304,0.3860160781770155
6839137,0.1262118838215849
6839504,0.1677980806070966
6887259,0.4259187052131249
6894803,0.4944412632653605
6897501,0.7101173545239746
6905266,0.5675294958722801
6909620,0.5230369309589711
6915622,0.7252327005932322
6918061,0.147458830831947
7014623,0.5610418913950513
7049770,0.5149672838808351
7050399,0.7596262329602254
7051433,0.6350508977207096
7062626,0.6342035419926949
7082045,0.5014036434048504
7103056,0.7705682072551403
7255108,0.5256340324620478
7266039,0.5478931244958771
7338729,0.48909437192798894
7339211,0.5004222977122234
7345561,0.12084601308182792
7354580,0.5371651113207213
7379292,0.7335340560554359
7387872,0.09789969541503263
7438770,0.12785403112982763
7495648,0.5952195382820756
7564913,0.7219143759505616
7617087,0.6342569377832468
7617297,0.6337878803453634
7617629,0.5872276911891408
7619641,0.573627615183528
7625023,0.49565012157200133
7628630,0.2436422694531729
7674922,0.5403475530932678
7677159,0.522727795157894
7679046,0.6335575114900402
7685695,0.6576952535325009
7686238,0.5455517143242501
7716151,0.622509459228956
7726196,0.5354927344761172
7727041,0.659603200052465
7729007,0.5613481498115802
7730272,0.704575087725839
7731001,0.2158057506212616
7844733,0.6571229474683535
7925892,0.1926354976103094
7925924,0.4624590766332209
7955358,0.4882309750967286
7955809,0.6534057367682797
8084564,0.7160988370699136
8094794,0.5165908560298699
8135371,0.5588722542358537
8204571,0.4706354478079155
8274833,0.12299953961421342
8295222,0.42486239565932193
8305414,0.12233664143653383
8544703,0.59557546580382
8567524,0.11504555454071558
8568131,0.4686892598424664
8607974,0.4147416701186558
8637515,0.0823361003521896
8644687,0.5320296358922951
8650201,0.657969114041041
8656175,0.021279943315845748
8656299,0.06508452052137599
8656622,0.45092966426131836
8657512,0.6181214758052622
8774664,0.11819797944369473
8785587,0.14498451104811688
8785719,0.09584117955023176
8834958,0.13685016690918983
8876111,0.4648092753324793
8885575,0.6288882106010413
8965206,0.4895451674402211
8976861,0.6354455233726672
8981024,0.18044526002325617
8981064,0.17279032737716016
8981789,0.16227829557848966
9065376,0.5395137130897054
9068240,0.5760541222073882
9185432,0.725629755423902
9187879,0.14711793675175225
9189177,0.5231205774354504
9195998,0.22554201468812546
9209786,0.11136617371016269
9226668,0.6785539741527693
9238432,0.6808384147179558
9284973,0.4066432446574263
9554754,0.47679121461188045
9675820,0.4890997340998881
9716565,0.6809139522577471
9777784,0.5009782940905456
9804807,0.3202242509207808
9836232,0.48037997317564773
9836515,0.16375218737559638
9845113,0.1385862148520426
9856115,0.0801618539332365
9867062,0.6346638081526786
10081842,0.6099819530368321
10085990,0.4742317424171385
10088357,0.4317463194517287
10090755,0.496308326975137
10096288,0.6250217962047545
10099855,0.641722100482319
10112661,0.6930931824024775
10123012,0.5835384325373719
10125079,0.2767916418582741
10125881,0.9199561158047717
10127480,0.567638331107542
10145100,0.6154940709548793
10152393,0.619335465945494
10158426,0.5616107160123895
10162555,0.5969900151207217
10169930,0.4664869101273719
10171749,0.6301682646197362
10174796,0.1632529541781554
10182637,0.43287517453789565
10224810,0.17982032416143315
10394569,0.45603982647249147
10444774,0.12719861842504135
10538183,0.4808179726502346
10577113,0.49949435389066965
10586765,0.5693995549270612
10605719,0.6619274611525745
10618768,0.4958796385306298
10636375,0.4368412928392241
10647020,0.5608861115748813
10704599,0.5525244099622578
10736204,0.03946180921006212
10737277,0.4523263174777445
10755304,0.46869646614897276
10786665,0.13417108591217242
10955179,0.6122660832071667
11235119,0.6165590351922817
11306031,0.07840072776530188
11355656,0.5350704749830469
11385462,0.7178605996454922
11385570,0.5460245420970019
11395398,0.638340858352546
11416112,0.07354657712624577
11417023,0.6411068987670532
11438450,0.6619172493810634
11438602,0.4780918184218727
11445019,0.7609944436055718
11626365,0.4576910314021544
11637790,0.35373299322554963
11665404,0.5207193420715295
11668106,0.6540816883916957
11698160,0.38056591054374167
11698204,0.49589507515004017
11706717,0.1244388395099479
11717932,0.6750017261278604
11895395,0.5952019677289391
11945039,0.5587514476575064
11945281,0.5805744449483315
11955834,0.5041526120348159
12134944,0.1058628761480067
12247185,0.6169602678569519
12256213,0.4067744033298091
12257262,0.5113592267937356
12336749,0.4721920368810827
12347357,0.5015391150829289
12355135,0.24453833988125037
12356620,0.7532885985977166
12356902,0.6512154891933584
12387537,0.5829398940437237
12388890,0.6528779042338024
12397850,0.5308981805503881
12425299,0.5275006335661897
12428253,0.20663119444506156
12436331,0.6613206950529533
12456054,0.5649836641737438
12456332,0.6159059990834036
12465446,0.12037525316658361
12466143,0.4970331999846367
12487727,0.5720505717489193
12506888,0.5777558986281183
12516200,0.6394372069708029
12517916,0.15926726823936627
12565931,0.6583803322435693
12597292,0.4563207965172121
12597588,0.5274318027030974
12616943,0.4937672811804034
12635791,0.08384224251611133
12637321,0.5295466184565547
12646268,0.3421907761673798
12685139,0.6542385070234061
12806271,0.5144000032255441
12876780,0.5648138831917344
12886899,0.5568434742371378
12917471,0.47430642341509227
12938602,0.3468658388977662
12968071,0.14924008982154127
12977227,0.5009860025052765
12978598,0.5886070748633915
12997223,0.49926029312280473
13016233,0.4977507723164005
13038247,0.45955786345141814
13076370,0.1848509034563936
13078618,0.11971912582117239
13098154,0.4748271168749095
13118617,0.19125396215297666
13177872,0.5526541072808538
13277320,0.5188376017120653
13326542,0.462481315755635
13367326,0.6879444435785521
13378551,0.1673305453829975
13428236,0.5715629189160927
13487815,0.482092259217493
13498098,0.6847454975457092
13957668,0.15502065948989682
14388383,0.6974746038970453
14459175,0.41707096061203935
14490508,0.5985973803577984
14560742,0.6993026976339304
14610886,0.2692806227608147
14657968,0.5484448511161854
14670009,0.6055326812655207
14697981,0.505784146945535
14700017,0.1228642330330601
14909137,0.1794769931974868
14929030,0.5207707699649279
15019169,0.15758242377559864
15259246,0.11642199311215665
15280267,0.5356148226380809
15340029,0.5578433212615469
15350381,0.5317968014240766
15380377,0.4443045844718245
15390116,0.4501785400398505
15459715,0.6129318194526487
15460219,0.47518940248698704
15501222,0.6301563506258843
15511387,0.03994528792733061
15561460,0.5250399344748511
15611062,0.4772598181285691
15630219,0.5410779842852693
15651382,0.6771417828023143
15671290,0.6320275787596925
15771158,0.15398504164289817
15820752,0.40054103106434624
16061710,0.6472617222856569
16071594,0.4142057747588568
16151918,0.0890486263956739
16240851,0.5386321981234752
16281458,0.10522920479986847
16291194,0.673838116700052
16332082,0.6309115122945632
16351801,0.6913036559387734
16392649,0.1007508277206753
16411296,0.18152518007708987
16472131,0.4768760384648033
16472186,0.45733400358107074
16481914,0.10395194043285792
16482532,0.07885541371557121
16511891,0.1420492610993677
16922531,0.6633600611623071
16962652,0.603328701533304
17052731,0.46358186352593783
17112847,0.1576027614882833
17113218,0.45107624284727804
17162665,0.6035481042142664
17233254,0.13921915465662227
17263037,0.49385664969373144
17423158,0.5916094554343139
17462895,0.12212693419643593
17533157,0.5964819596704095
17713647,0.4749508903574238
17723565,0.14775904065370477
17734122,0.7335033958412104
17753099,0.5105844537816696
17814047,0.6448452756855709
17864580,0.5203899489984188
17894647,0.5453853505150954
17944737,0.580850713484419
18505505,0.5607458230462481
18814814,0.44340994742338696
18814857,0.6388745263242883
18844985,0.6364897214657753
18975964,0.35683783171041705
18976102,0.6111350933011686
19005188,0.19937579262130134
19005832,0.4815417232482723
19067445,0.579932151809976
19076104,0.5663795029375578
19117435,0.622245704710527
19125440,0.5579504060542146
19126650,0.5417001152395651
19135668,0.23526821417934346
19156412,0.257003570753961
19166901,0.3776810045552061
19176229,0.13965125799003517
19187595,0.43925483749700156
19456515,0.5918617679580118
19476510,0.5015778308535304
19586911,0.6366128084876931
19666633,0.5873284354606035
19957325,0.16956717591115741
19967246,0.6870677247315865
20027745,0.4016146708194938
20050042,0.6013273098737624
20068305,0.1507914939411514
20077628,0.4803035896762918
20088095,0.5529697504758047
20097077,0.3268119726132669
20107670,0.4431944379608462
20137640,0.6081246668917554
20150054,0.5199552309162387
20169045,0.6235082504639212
20399279,0.5414754907920765
20428834,0.6880704091627334
20518474,0.14878791717849707
20598717,0.6006220823733259
20608680,0.48779916763637315
20679245,0.578832620734752
20700386,0.19520335496157096
20719414,0.5334422783931988
20719618,0.25771898417503225
20789252,0.14883665749885208
20801867,0.1217781466870334
20810081,0.24053405530840194
20859529,0.6284026836992948
21220799,0.595449558973719
21230912,0.12494169086084805
21280762,0.4588770352503749
21299888,0.23260176487277634
21340921,0.5330105339542187
21490809,0.5834294421273962
21520791,0.5547956378834491
21901041,0.11878715125680496
21921401,0.7007651981276618
22233524,0.500862507384039
22243308,0.48618299715381863
22323430,0.6218635224048409
22343331,0.4835022232487298
22373027,0.7164507584403234
22385000,0.5045446113957845
22411558,0.41411505186656294
23053236,0.07940074721233949
23083233,0.4839502241739433
23232758,0.4430785205198066
23233353,0.624635932761943
23283063,0.7129780706547073
23403149,0.6890608340312393
23573563,0.5339412167336623
23844771,0.7878337967063272
23854459,0.5700658039645226
23875809,0.721357730170743
23944037,0.5645689597908411
23945518,0.638608270699696
23953374,0.5931503355374326
23993916,0.6605746171937841
24005753,0.07740559123409436
24035362,0.6467492131813787
24044460,0.47463336029046843
24064770,0.5136118213769595
24084540,0.70821104098512
24114573,0.46285012019254346
24164727,0.6665686996812961
24174701,0.6363447475290696
24234557,0.5261015209156891
24294691,0.7328654402002763
24696318,0.16055628559252338
24705896,0.39626649319572643
24755065,0.5868769723205759
24785389,0.5689437431098417
25157424,0.6387878487890644
25176819,0.34534016355768293
25186884,0.11883454504340209
25246659,0.6190759005316804
25257077,0.7026439604065917
25296893,0.21680983336142678
25376013,0.21728737544987078
25397041,0.6056197629412747
25447159,0.4179985314430507
25527021,0.6236816806572892
25937789,0.6363849926608558
25958191,0.4835669055286638
26018242,0.03277173927220955
26087881,0.6540873201121259
26127364,0.6906595319967476
26178818,0.6577176572001615
26179061,0.6861648213497468
26208824,0.6248196515986276
26229294,0.5479318063991993
26259458,0.7075914207657553
26300347,0.1265179161916213
26300406,0.5175330065854957
26308350,0.6716715669442608
26309223,0.6685358927724259
26347759,0.6953949694949656
26368257,0.42757006682918447
26388532,0.6535686648594742
26397663,0.524340031222776
26749528,0.7417350158601611
26790121,0.539770731139258
26940024,0.5121150375600081
27109856,0.6770184142500345
27180242,0.0923336869910181
27360101,0.19395922641398744
27491082,0.10160429711054414
27512265,0.494753768044175
27562000,0.09108929898641537
27590418,0.22801829046454214
27611635,0.6106119205008808
27620344,0.2803972033090734
27672164,0.6000352376258247
27681649,0.4774858429245704
27690589,0.5993447099019809
27691704,0.5199053487448992
28082006,0.6013641779199352
28151986,0.09777939246868803
28422620,0.6711765838447764
28442434,0.6323606838796185
28532503,0.5750381224311611
28622750,0.5224563952512544
28642914,0.08023953208402168
28643374,0.18877935234535195
28673174,0.5658419541826374
28694172,0.46829460583643745
28743086,0.6160033410166501
28753634,0.11672318288053003
28823643,0.5176842013387828
28823738,0.6894663644406985
28823890,0.45402181516969936
28863545,0.17587277727978845
29013465,0.15437623556601382
29013696,0.5624766820231346
29133579,0.14351359710411526
29133796,0.5206461765425057
29143816,0.5337003299403057
29214248,0.6190914976753942
29784076,0.6565371357556349
30205294,0.5332045244967423
30235252,0.1917273107575179
30565904,0.6293187036359139
30595668,0.09009232529063119
30625999,0.6024028205881125
30686331,0.2127828582849364
30766157,0.5333269437153464
30785946,0.11073000958706647
31187243,0.6116235364081871
31216406,0.1153141648883793
31287739,0.12765403953365964
31337014,0.6746320737428126
31366692,0.150588094072531
31447829,0.6669048232618914
31607449,0.5471813303242663
31707732,0.15404558319672196
31707848,0.4566399075871145
31877820,0.4433498463180549
32028825,0.45222114670019387
32058769,0.6795499195273307
32058888,0.18771983371506848
32068212,0.5152366475180127
32128629,0.1387463863121974
32169402,0.14782353507599405
32299109,0.1218523629026688
32359085,0.6555075200869265
32389332,0.5917569851908073
32400007,0.07412782444748131
32409349,0.5405993886292947
32409669,0.5484680319389331
32430406,0.4043777958230594
32849927,0.17718356246751807
32889888,0.478742950213583
33110381,0.2287919323458781
33211143,0.5312234885993057
33220289,0.37620146547152333
33231356,0.17772442948282605
33270227,0.6237578478270931
33371524,0.2298549023768766
33380401,0.11437283505348353
33391526,0.2113034850666853
33481286,0.48145210687779855
33521215,0.5247723535779274
33601618,0.20963865985202776
33721765,0.1857445569857952
34272931,0.11829542005048102
34282791,0.5441348049923681
34283793,0.6843751953658301
34312086,0.5611110347341871
34322712,0.4532761568638407
34352353,0.6045608676533024
34363615,0.18240210149138444
34433709,0.5193778542555821
34452690,0.5225275412066769
34652893,0.6462820823252255
34682926,0.512973454069249
34722813,0.42828854791377924
34823176,0.21493642497091048
34953289,0.42548828341921735
35013862,0.4877653096362645
35074060,0.6552846414784904
35084804,0.5290372178334131
35136777,0.5744040552157325
35166408,0.10799175389411081
35256472,0.4918521592729816
35501140,0.13076703898977038
35653171,0.11997973172508065
35653795,0.4754084384633422
35774099,0.45523070437087126
35803653,0.5614696338599309
35833688,0.15980691831175592
36039363,0.5907155197150933
36039713,0.10185490466397445
36048839,0.1670610949108723
36158214,0.5033567310111144
36168653,0.42952220495586296
36221181,0.5282127296859616
36221854,0.08472453940775357
36330661,0.5715307249529068
36361829,0.5030608438921085
36440558,0.5091040506205728
36451097,0.6388977060554355
36611375,0.6470457756918274
36733266,0.633398126589616
37137490,0.7172619554333802
37277902,0.4898524721620132
37601021,0.5811206965463388
37651670,0.5223039772896888
37682161,0.47379762523741403
37790533,0.5947849929147297
37897618,0.6189559096824192
37938274,0.5094566378264784
37998482,0.3290389877348636
38161863,0.6276535149765897
38271231,0.10851615338339936
38301569,0.5140876038245467
38301913,0.44087998948877655
38311118,0.6271449281329545
38312034,0.6744724406687779
38351685,0.5443288022325835
38361826,0.5809668866764309
38416090,0.47753754280856126
38435438,0.4461367492019076
38444650,0.06188081698863557
38447552,0.5582389479154717
38456327,0.667878791333112
38464463,0.11095624407497537
38469445,0.4437739488170025
38477679,0.640680701763924
38494684,0.030135101232089487
38504452,0.6443840485870918
38515000,0.6022041769424888
38518643,0.6095945767923472
38554779,0.5035213375171383
38569164,0.4959768426564156
38599749,0.1816498784108185
38628838,0.561557909449137
38634881,0.6376996039886458
38638671,0.5948919690525306
38644322,0.12590207063900175
38648633,0.5655579205500003
38699603,0.4698143770760777
38722278,0.15332809511236556
38902506,0.5634036369826043
38952471,0.5137345078622443
39269879,0.5573541533204578
39360689,0.17108404784403672
39370599,0.18707309763636354
39459935,0.605520064914138
39522818,0.585212232241003
39532171,0.6331001346902406
39542006,0.5483746455186542
39549444,0.48201906781540266
39562164,0.14065085820659792
39580162,0.602535178611412
39581359,0.6690863805942155
39632147,0.5141781444515505
39639300,0.5236406006011367
39641000,0.5421999587216044
39712276,0.5984070079865111
39731062,0.602472570747036
39731454,0.4914871688469677
39741341,0.09721944461505938
39805201,0.5385751306192013
39805757,0.5571421437229198
39847608,0.4916591921600328
39957585,0.5904370094123791
39967571,0.5946318510221701
40027826,0.4268882677077459
40049911,0.1550650470897402
40097784,0.5686313341042474
40118171,0.5764255211890165
40217709,0.6562710057638833
40258199,0.3957052533053435
40277675,0.5731778710623592
40353931,0.5358649242771429
40354590,0.7134099054632618
40402658,0.4705809372755726
40411462,0.712367110921558
40412517,0.17490133648312023
40430224,0.15512173654875103
40431422,0.6016961651782666
40440172,0.5421288339902777
40471207,0.4677113517053713
40490822,0.5978916196481846
40501552,0.10471016768094432
40522786,0.6186040001170359
40570201,0.4818425442642232
40580476,0.04295439144977414
40593946,0.08879988184337785
40634792,0.5738209765553268
40736482,0.5547618318483035
40776700,0.6032261924406813
40943042,0.6835262212535278
40951726,0.410036934668187
40952002,0.6498665241320394
40979776,0.09320434305017342
40981899,0.5241090946752047
41013334,0.5790184459456713
41021031,0.07890781068010694
41030341,0.5421909373384275
41030918,0.5910845124835404
41043145,0.5216735896888782
41061905,0.4679146074930619
41072413,0.17423454412626288
41109361,0.07993201021694173
41122356,0.5454278386011008
41141726,0.07738865457472822
41144615,0.5926670945052602
41152304,0.093708319281593
41161904,0.47253467807513794
41163205,0.6167425753490057
41197323,0.5198197347397064
41216421,0.42701130994743663
41309265,0.5152526227191144
41319355,0.5311911544712796
41440054,0.426313754056748
41740503,0.6587855031334694
41960179,0.49387578571180224
42011216,0.4047246802295288
42031598,0.14643386873009756
42061360,0.5554118466148786
42283399,0.28767709536989033
42285293,0.5701967148338326
42293387,0.5593343567226268
42296827,0.5528258660231283
42375594,0.1451868415395765
42413981,0.5554889425358294
42433919,0.1420330479639165
42465007,0.6947216605520057
42484601,0.40543923539229876
42733322,0.620763930588331
42753340,0.04576468434628495
42783393,0.14819046953940823
42844447,0.43901575526273207
42964874,0.4718186528557406
43145462,0.6494565710375644
43226080,0.19286741472707705
43336534,0.47752701750686893
43389544,0.47305884886835753
43389861,0.2682743641828157
43390262,0.476773004131417
43390466,0.0975609711719046
43409194,0.08278438096531779
43409825,0.5087274908647782
43410024,0.5841820507636879
43440637,0.12835694652369126
43470903,0.4732265681622976
43472356,0.5222033607977862
43490201,0.5101796114193948
43510374,0.47418482750026464
43529522,0.6464695327578227
43539234,0.4962616753546436
43540348,0.39787261241045996
43570283,0.6307298395181575
43819449,0.6748313712746555
43839926,0.45437067749585913
43870223,0.41920080198818344
43893978,0.12806973891297413
43904150,0.4876544326005436
43935423,0.20289982641316726
43945280,0.14771625818421683
44017730,0.10792831420564879
44017839,0.5634258242977523
44046932,0.6137044467542687
44066460,0.6155382497921043
44085299,0.5465175317317524
44085390,0.19545828558715403
44086909,0.457514003320185
44140066,0.5697652410072557
44339155,0.1263607466661768
44429251,0.6081256771618202
44439306,0.09715560941391586
44513719,0.5431143556337579
44513913,0.601090830348913
44514435,0.6452534994293115
44543387,0.4585240256296327
44563434,0.4635848396698974
44683686,0.6840435758116491
44776798,0.5065042848738299
44816090,0.5658724193859076
44865510,0.6323467103972895
44896597,0.610333133435932
44906222,0.12764187510257874
44976125,0.10721827508450232
45202127,0.6494274741419166
45242183,0.5312978315097312
45304593,0.4536468555960403
45324715,0.5748484647064945
45364489,0.3758644528888967
45374212,0.022398344845654405
45394194,0.540971326418895
45404721,0.5976649231194221
45424955,0.2154764541039804
45474136,0.45120523735574963
45494129,0.5443544918474481
45634351,0.15464952835336984
45654195,0.46187674535534523
45674165,0.5474882687953633
46105027,0.12194851511192054
46115101,0.4528887310969484
46125590,0.7403660164035748
46154416,0.04401831093731481
46155175,0.10622908690340636
46245502,0.17221968904515358
46284519,0.1327050562947158
46284786,0.5675342310557858
46304893,0.4736880861111989
46346948,0.1268693965997357
46347879,0.17840358095311884
46387055,0.47069068877056286
46406946,0.11429983761178676
46428061,0.5724135001581522
46486249,0.1534351956209938
46547452,0.6025333452334364
46557656,0.580023070204647
46568449,0.5393394145951732
46601578,0.5511475935505686
46652295,0.6203745930885082
46663058,0.4902466359383968
46663433,0.6189675350314318
46671263,0.32695288156171787
46684935,0.6327537865406456
46684992,0.15011092132021384
46747835,0.49108563248775716
46747937,0.40862382983713097
46754623,0.6634693281050096
46755522,0.10690043284778772
46756098,0.6105175221719175
46762276,0.2622934353677722
46775510,0.648189434908828
46776163,0.13040018741651113
46794294,0.6551700912481886
46803727,0.6014563267317133
46810210,0.49611130237787615
46834123,0.4607373936172216
47008147,0.4826109751637272
47098374,0.36582845261814484
47168185,0.6811298211905277
47250831,0.5662192653351116
47290483,0.6334739170765284
47747224,0.38984572276906826
47777166,0.5969935713450584
48010488,0.4731719523936071
48012748,0.14246159874502018
48130927,0.4602856207704538
48181648,0.47095273064490717
48182440,0.6108994157007347
48222912,0.5449096224568153
48314503,0.5336391546136521
48344468,0.1293720824042175
48414859,0.652522363079477
48424194,0.6721565771631165
48424668,0.6041048144451445
48484876,0.08218134136135734
48565830,0.41934718181192276
48584616,0.6456552167955526
48585309,0.5161372962396824
48597142,0.5004503608824562
48608023,0.46333757159755906
48614685,0.09589143732754976
48635004,0.12335330428443084
48664156,0.4360349480328666
48716392,0.033066485005878415
48726311,0.08345949813158554
48744153,0.10988648530319346
48745435,0.548198564912403
48886206,0.48882958934244547
49187217,0.5626385194834357
49217810,0.4595795413331023
49227190,0.6125959188083235
49493552,0.5324828286070237
49524324,0.6055621690445467
49524617,0.45471711766675105
49713579,0.04193420929602699
49783520,0.15047558633784158
49925710,0.6689903263881987
49956953,0.4624442487156118
49984653,0.4996009266580475
50024241,0.5458795070078583
50033603,0.7054247410296668
50143586,0.5660243307764065
50183912,0.11846013159252715
50204210,0.09212020310909179
50253393,0.4705352453060659
50437254,0.10198418291754897
50515464,0.15558145018857913
50527651,0.09428030152453713
50546296,0.10319721307745386
50578354,0.44572009196342455
50585796,0.5400901939826611
50588402,0.7350512376253279
50606708,0.47995158103437985
50606732,0.6225804062167656
50655796,0.6900864648642274
50656491,0.6524368647066314
50769300,0.24031381102591645
50910545,0.12769702900818358
50920180,0.10292948166076996
50920357,0.6557669644598666
50994130,0.49054009635750084
51005884,0.08934024457624945
51025286,0.7293507051465292
51025361,0.12744711527876632
51057168,0.1370873028910212
51117194,0.5126332737140354
51117239,0.4224364836936519
51165747,0.30072295634909757
51196022,0.5185501047005462
51245298,0.44043419065718764
51356564,0.5525471206656057
51366238,0.6677874904054174
51376676,0.17580169238876026
51467084,0.484215421001333
51546212,0.7152847919688737
51817699,0.6176150425786942
51846231,0.5656204606792203
51847644,0.14485904073585137
51856298,0.579935025323686
51866331,0.5961639370413623
51878774,0.4646610661651357
51886143,0.010624665280202148
51888082,0.643467193823113
51906603,0.11807191271915954
51947593,0.11882018055740404
51978666,0.6308743747812825
52007455,0.6642460491647033
52018160,0.6016225637837151
52027737,0.34001951828855076
52027928,0.6095172802681057
52046509,0.0517214564287434
52046611,0.5048225775533914
52077409,0.5325768830266995
52149255,0.53170834661616
52149472,0.6034192929586167
52321174,0.6184297298744161
52362137,0.643853593216325
52406319,0.5994591671435349
52486514,0.6707210621584415
52536576,0.6709050552004132
52576205,0.580562862805471
53121749,0.14576711834151918
53362375,0.573867914194663
53564168,0.6418131238053997
53584821,0.4909920374016785
53594183,0.5630112025801332
53604640,0.6216115732759536
53684372,0.42650271594143974
53774509,0.5388770133136804
53834511,0.7199667087572544
54099320,0.6686319372971335
54100183,0.4651416671673553
54127673,0.6505601378355921
54168296,0.542213139560563
54197450,0.6725490411316158
54238521,0.630101674345244
54258558,0.12803951032744307
54303859,0.16669158971439613
54323709,0.5328615487035402
54393585,0.2583007661170568
54394736,0.12615421406213845
54463760,0.4224684059670697
54524278,0.6409583078206365
54618239,0.6635922675037917
54728194,0.6161169946457794
54818661,0.49973115250095523
54838824,0.6145038449241514
54898316,0.46012420309309554
54968621,0.10342887700318121
55072758,0.420985050729226
55090502,0.6333316671796845
55121052,0.505444281143017
55139850,0.5371503316055337
55160138,0.09289394673798379
55178902,0.5425331298110367
55180879,0.5657156453749698
55228620,0.5083297264943668
55230786,0.4684217269467964
55231419,0.5413314709788157
55258949,0.44436325910199415
55271663,0.1510121270019506
55288490,0.4837926681243641
55288597,0.5186814689878918
55310823,0.538750348321463
55330310,0.5173786685612995
55350289,0.15819338825689538
55400193,0.6315477718285226
55411143,0.46152059293134107
55431236,0.5132831426718338
55432078,0.1434182893533601
55442737,0.5662187345730797
55472164,0.5923218849290008
55473342,0.6273268784424865
55473394,0.05734296186952447
55512299,0.5678226599147491
55512571,0.09852959934827106
55523395,0.58244768993394
55563935,0.10170373949109227
55573216,0.18816974084851376
55637363,0.5925060306708098
55657808,0.460761041997664
55707247,0.5715351029355792
55817633,0.42376878890838676
55919808,0.6016103961084869
55928303,0.5589241467865268
55948313,0.5297447764305075
55948923,0.6798796398122834
55949900,0.6198392596755694
55957162,0.4273931420705088
55960359,0.10925240935775864
55968844,0.5004689234524008
55970126,0.49379395055807945
55981961,0.10799559771432495
55999811,0.1106250051437775
56000566,0.13940708571910476
56010767,0.5146743768351686
56020887,0.14949191915114401
56028146,0.10082018373988999
56058489,0.6824085892128536
56060975,0.6313752835031663
56079047,0.5140795437859983
56090359,0.10211411716471863
56101370,0.030360062620488407
56109287,0.5499939364707868
56270316,0.5285307093704353
56350414,0.3860773413989339
56452849,0.5428241615632199
56473060,0.4699508413161542
56502528,0.4753527362472479
56532949,0.09786453083346493
56533114,0.6750951901830698
56562682,0.5368068618959637
56563164,0.1555987004970955
56572448,0.5915089585879086
56572640,0.6067083348133959
56602447,0.5696257090223175
56652784,0.479713078229716
56673076,0.11866813819247411
56894458,0.6458712547834631
56904783,0.3827355492323617
56944816,0.11352296573524759
56964823,0.45860774943101823
57034280,0.4069968488302591
57146310,0.6389041905332555
57165295,0.5541097301764769
57195520,0.07506515924542258
57216263,0.11142246122597588
57227364,0.4909427995200942
57234376,0.6112431341054093
57274366,0.4998221223832873
57335056,0.14056801819436246
57344729,0.7190404438144985
57364565,0.6218092788661105
57428443,0.110676262460485
57458454,0.11126265272106792
57478341,0.12111191636830054
57588374,0.7006562946790442
57649936,0.4951088765984173
57702246,0.4399316321754065
57704004,0.7594813984659059
57762581,0.4935179325474517
57824102,0.5874465322938796
57905641,0.5469741594732447
57970741,0.5627650332218306
57991087,0.09900313362047697
57991149,0.7276348186837311
58100435,0.6404995166237822
58110130,0.43269915797835173
58110892,0.47428778220178786
58151438,0.3383139426211109
58270341,0.6061094904267625
58320799,0.5820832688155393
58360122,0.553831691576936
58470355,0.2107990456882771
58470411,0.5562411876656144
58542644,0.18182281415506796
58543374,0.5469483738130948
58573849,0.12710933870979838
58582326,0.15990041511797803
58592449,0.6822870005441907
58592624,0.5840414363629765
58593595,0.33990825284274445
58644095,0.6374290637764644
58684084,0.7143055789213841
58702848,0.4058066852532268
58713003,0.1260801844822153
58872284,0.1323482503587698
58892594,0.5979022127386595
59070371,0.10584654958685198
59070466,0.03421197248006995
59079709,0.48309278212575213
59112804,0.39672485324274515
59119652,0.11531916795118717
59152137,0.6901959002108307
59159258,0.6317213097321741
59170079,0.5989836697362553
59190106,0.7039581623028487
59230683,0.1286149667736245
59261944,0.5969847863714268
59279853,0.20431622455077708
59309651,0.6209596160244346
59392980,0.6414502073576869
59403088,0.6051955092483303
59422365,0.3785214914453594
59431236,0.12578784413747549
59512415,0.09653541554326618
59522556,0.4461404614854328
59541193,0.4434390147579913
59601342,0.1460069133036226
59809244,0.5294440321535567
59809543,0.5840024276529658
59905598,0.5761296074127622
59925681,0.4457690721167509
59945304,0.5856632503814668
60105160,0.500252487119831
60195544,0.16046384501344935
60235795,0.10181164520519795
60276416,0.08807200198767426
60316187,0.12991811739253714
60356899,0.13772554830535078
60365862,0.6552984193532969
60386181,0.6295023713503545
60415215,0.47136709038871216
60417110,0.612415486834998
60476170,0.5963088671835985
60485385,0.6546916693606738
60505223,0.5010888265863288
60516077,0.10383916542403988
60567056,0.5883040827424485
60575381,0.4653657311471025
60586371,0.5094178536561513
60607188,0.10703067538362511
60615293,0.16560672093292067
60645784,0.08726139778634114
60761943,0.4772605635929682
60783115,0.5177567415587639
60793108,0.638900984482538
60824866,0.5965794210017344
60831280,0.514329797463853
60844162,0.482791730926151
60863472,0.4516792042685416
60881345,0.14043948194690983
60885079,0.6297811204087014
60912528,0.12907290563886625
60914576,0.6370337914872594
60923913,0.6186929606766981
60924527,0.4820877898856453
60970643,0.20808088555947943
60970675,0.6434640483828935
60982033,0.5195811228895842
61017943,0.11736182639054932
61018980,0.025860540893443695
61330109,0.6512932279251896
61340966,0.5183166242088985
61360976,0.3923615945335684
61360994,0.15812701742517876
61361363,0.6239005312466848
61371772,0.573664735910333
61372104,0.11746898142000209
61372971,0.5985825956334538
61379791,0.49750540837504453
61382299,0.5941737427709325
61382535,0.6630111113640645
61389595,0.6441021504733483
61411915,0.5937079452972388
61432442,0.5641366080729423
61451308,0.12730085762094503
61464335,0.18712814960357746
61464485,0.5575450826415204
61468858,0.06754175450109422
61482232,0.10134459852139588
61489973,0.5999117452915118
61501284,0.1337171487702259
61502796,0.5203791424491819
61519563,0.6667069434823181
61528462,0.5505346590156294
61532087,0.5315846746216121
61532237,0.03855685798040979
61540951,0.74382302244842
61548529,0.6112952486957735
61782184,0.43350830604796997
61872674,0.4396691298717798
61893059,0.6331376819051563
61903246,0.3635765187640303
62105981,0.1478399057090754
62117669,0.11798915646333888
62176644,0.02556902518344661
62236589,0.5915546180127174
62255248,0.13086855023568572
62275201,0.16636047932015713
62287258,0.17245708814759636
62347781,0.12515916719392728
62389135,0.16562831817946053
62489742,0.44685434116343986
62589764,0.16613697161248664
63159389,0.608856278504304
63214946,0.14910399914452427
63290338,0.611207005002107
63329728,0.5184974488415968
63357903,0.6519634427520642
63364148,0.20267836234895442
63386892,0.6338389436276831
63389106,0.5353982826840727
63415190,0.6463397935629742
63425706,0.6495541941342355
63428165,0.07052783952369507
63435354,0.12817325055506515
63438309,0.5445550794649747
63444460,0.21730210807510286
63469571,0.11605310706561839
63476155,0.1436147738939333
63477811,0.44465437387780443
63478920,0.11062245613134908
63484715,0.025286038325867594
63524503,0.5031867207505593
63611410,0.49022508363876066
63722271,0.5697460894858907
63928237,0.15910800015965085
63970862,0.5201943979047556
64017299,0.11327689678173544
64067622,0.169396238698687
64069172,0.5688011135549386
64077259,0.48920568557002797
64088882,0.4429357214367319
64098232,0.13267170212669918
64160864,0.1032823237880427
64201176,0.12769520342772916
64201401,0.13139816215504546
64290548,0.08752009590101183
64320933,0.5647039679231358
64691418,0.4078631294888874
64721521,0.44773067260940413
64721641,0.6580334208502642
64751149,0.6142224429306977
64823123,0.6086444275098567
64957396,0.07902336085992576
65037776,0.5627853231093743
65059320,0.49607822626804887
65140476,0.13301203555894334
65179627,0.45420454230925594
65180781,0.06095630617630728
65343209,0.6323046295948512
65344422,0.6031119793119477
65353022,0.6885681427585393
65363553,0.46053182281539445
65394179,0.13546260274859664
65423245,0.10998787565332396
65482797,0.053774160083972865
65483766,0.6831998183689975
65593459,0.5732607868259864
65631572,0.16152400981525897
65652748,0.5131718978409321
65654734,0.6136912446660101
65655707,0.5770284109578961
65664304,0.17565421152610208
65664390,0.1622505767595564
65665178,0.10330252945673885
65694523,0.5355045041678325
65695965,0.5354201489366224
65704372,0.47322620659115205
65707010,0.7021658323735466
65717715,0.1209728298401058
65733888,0.13438568616370428
65744200,0.5610951213296282
65766574,0.4754509469398801
65767059,0.6413991211463447
65772618,0.4161781889340393
65773545,0.13955911512590805
65781258,0.5929309488390093
65786889,0.5350060761701303
65794319,0.6782179655974765
65815117,0.7064210036379893
65817182,0.5878656193378966
65833431,0.26709739336426874
65835424,0.13020825318081133
65865427,0.5223001515967806
65874534,0.5450429090015623
65875492,0.5492521715419567
65905403,0.7455595694079344
65915673,0.20932327703087245
65936233,0.2551763119055255
65954169,0.4509801385642839
65954516,0.0890543229228663
65956306,0.13299775362912783
65974471,0.5133577506342814
65975443,0.7132994061266597
65977141,0.09643298339230115
65984314,0.6235281688144432
65986898,0.10105846901278431
66015508,0.7216644266961368
66045198,0.46580158677985295
66120145,0.7737880950560135
66330434,0.4998518995573941
66340666,0.5184751598243982
66401889,0.4503569178760132
66404212,0.5558409066204868
66414271,0.5992260913534955
66421549,0.6126678270724376
66422051,0.4846205771103626
66434945,0.4455595527724267
66461094,0.6906543927796269
66470236,0.6497990337562327
66474903,0.47118851530447126
66510505,0.6068180405628396
66514946,0.3709077258852901
66525331,0.07694946855936952
66532032,0.45010547559538966
66544062,0.49754239132087463
66550190,0.1847090632002123
66550244,0.5127551332014245
66551108,0.504889900068849
66562864,0.7268912740777104
66564281,0.5785180042902593
66573413,0.26037632842580183
66600928,0.27392901678996023
66614298,0.5072551526848873
66615304,0.5256222242399182
66623478,0.4792767704418271
67205543,0.7265647240111297
67258552,0.1649465883749806
67266837,0.7111407208317732
67277068,0.4946538637671112
67287884,0.4705699869546819
67308352,0.43606687430347757
67316634,0.6111878513817754
67327920,0.6033627168794793
67336079,0.2541131488550599
67397506,0.19113609559773584
67409108,0.13659767670836526
67416759,0.7758913027582475
67417879,0.5364836518681098
67446662,0.44795378424995785
67515725,0.10011467810996985
67645165,0.627202122581882
67808273,0.4524103874076318
67838656,0.5256768932871048
67859546,0.6695389273604968
67879261,0.6047680996456126
67949516,0.15287710505161264
68028279,0.3310241383380473
68029806,0.47089356208383354
68172859,0.3454169811397808
68356144,0.5537573698394969
68368496,0.22985272679853422
68378887,0.1405821310859501
68387909,0.4666819003094663
68417213,0.11767825673359018
68418273,0.528761442315667
68433444,0.5084353581663033
68435743,0.5184004976543111
68443377,0.48289429109656135
68463503,0.15082138223588148
68475401,0.24054479683986937
68485549,0.6729519205297494
68494984,0.6235739318255507
68516402,0.6119973807458986
68527974,0.5753158810002363
68573127,0.4646913601305411
68573688,0.4979038904224532
68682365,0.1272012490234588
68705164,0.461732966431183
68731477,0.6193106044040377
68771270,0.1827143423703561
68772837,0.6027847321861812
68775305,0.3492284023717045
68792205,0.4929709779738024
68823420,0.19933359293099762
68831531,0.14054515978179788
68834516,0.701980138565508
68835172,0.48138043985325
68867005,0.5910874887447782
68882837,0.5888436147235767
68885606,0.13572554039085363
68891689,0.4285679825646453
68901168,0.5900225627822747
68915875,0.11078920711977522
68956804,0.5997522694049625
68986836,0.17265704810198465
68992720,0.6328958488374833
68995018,0.6652716784794604
69038296,0.022494503811098868
69071393,0.12899520227462125
69226876,0.31498244867998404
69347103,0.1292451726852533
69402298,0.7600132748082046
69424391,0.11911268319345804
69427172,0.14192323389742664
69434844,0.4613899641794266
69482384,0.11636907437909477
69483544,0.648555293354081
69494735,0.6229076605074503
69496129,0.5950413757849382
69564411,0.12108388350718438
69565062,0.5171622221576577
69573327,0.09245337925768808
69614032,0.6478740311112792
69614899,0.46691103162539876
69615082,0.4468355001820975
69623086,0.5488903905191366
69646714,0.41694800442797786
69763223,0.7145493256131075
69823238,0.1199648313636019
69823292,0.4066020409899823
69977880,0.6220821564605625
70011204,0.5814938030294519
70032345,0.1418171027270216
70050635,0.44872809050031365
70060932,0.5259931947697893
70102395,0.4825322735645655
70192355,0.10157004425989898
70222111,0.06973109471664221
70273933,0.13197569364432782
70282754,0.45804775595031655
70361739,0.3709039493346073
70501599,0.5490088601177886
70511709,0.5103812631208111
70562679,0.5210424365618285
70573127,0.49282023979149414
70601578,0.5265202976852388
70620494,0.7423459672905057
70702957,0.5736394759474575
70730359,0.6416761140310187
70750726,0.47416444162067256
70780131,0.4987393736252637
70781378,0.12036492741029815
70833071,0.6588935172789464
70835103,0.4746340337815498
70851901,0.22717057736105772
70856214,0.4761357617231302
70864863,0.05605057279487019
70885409,0.21419615767074748
70886199,0.6294767127990059
70911336,0.6095871644083817
70914175,0.42139189305495195
70923278,0.41261568353064926
70947060,0.7671293057560117
70953821,0.6383700971771884
70963437,0.21497601599327348
70971254,0.5551985223189579
70983467,0.5973025641318251
70993499,0.4574598265554588
70995673,0.4889956612455687
71005151,0.5541643416429475
71007140,0.16067539461729094
71016390,0.48679784626653566
71035589,0.5819990241659255
71063136,0.18374347109483574
71065010,0.5810222613883924
71065650,0.1453748003576377
71068308,0.7153002475829116
71070797,0.08930806363143583
71174781,0.5753404534972074
71430186,0.6665900287806603
71442209,0.23211995658806048
71442813,0.6010695249719763
71492824,0.6483510804600549
71493051,0.1707237889713832
71542589,0.1600975495166234
71563472,0.621745147689197
71642640,0.5374351432118675
71683308,0.2921735465316756
71725017,0.21732540538529932
71727067,0.418608045222051
71756712,0.666403334019245
71757742,0.5958598361808767
71767383,0.5584791842436125
71796365,0.45382045705850776
71856544,0.7020050353447576
71865344,0.5579770803841124
71897523,0.14748395877722265
71936859,0.6693110337409598
71956563,0.5205170665810722
71988231,0.49230199411290365
72013023,0.10841249617372772
72112709,0.4689891197356918
72144368,0.647322259408864
72163183,0.6217799095352055
72184245,0.03366115820064861
72235700,0.6239332353085854
72246590,0.4837394538031895
72261543,0.6703162079057633
72512424,0.673631426122323
72533002,0.41733986900242404
72543758,0.5922107842939973
72556299,0.1070067862330619
72615377,0.5964541511727204
72624466,0.5357000300371061
72643304,0.27001008723852726
72645733,0.4934068122220633
72662397,0.5853446866874547
72715876,0.2909884771867111
72722606,0.4873874702663703
72724917,0.11808193959493213
72754210,0.6371560035019742
72764290,0.6267953415592832
72765952,0.5131941906241605
72785885,0.6728607796904351
73057271,0.5181079056889256
73191549,0.6903127178926868
73201871,0.6073217632920543
73292419,0.46123409381067354
73333210,0.6535847353133518
73333346,0.3449909406857996
73491677,0.6131320111767677
73519585,0.4665714314342666
73561357,0.6429713878168715
73580950,0.584827384321327
73600943,0.8098595751617735
73652343,0.5261811930315473
73693406,0.6642961185219741
73701407,0.6841573769449891
73743121,0.7842428269900557
73806571,0.5395351116423955
73824292,0.5750100785185207
73824350,0.3972409791675675
73824566,0.6563944087976031
73873928,0.6150234094011997
73875630,0.5437240634420364
73893769,0.4837683028604243
73981439,0.022830743892091655
74181664,0.5117254178156817
74231963,0.2021156208411635
74401256,0.644890673380717
74512238,0.5659659734691114
74525730,0.46003691140427044
74541404,0.708041413678303
74551802,0.7447415329006977
74581855,0.13847436457994852
74612514,0.15475635006092675
74634900,0.058104387915573735
74642716,0.11189710006535171
74653791,0.6079252248150435
74654103,0.12277083629262207
74682926,0.4310499907336594
74686653,0.09390923632398594
74705821,0.49710000609958077
74715583,0.6977551337771185
74733172,0.6431295738936195
74743056,0.7161388108069525
74784828,0.21894096201266772
74785319,0.5395873611347214
74805349,0.5962080735239059
74816353,0.6289163150699953
74955462,0.5710832328102273
74995633,0.4689091898058457
75050761,0.7323402184491092
75099404,0.7085935768841934
75103363,0.7231746398212012
75142464,0.5506489352485728
75143468,0.6008284532791244
75144154,0.0740421908818236
75149900,0.6484641078203983
75150549,0.1819652685629809
75173314,0.17678750614106212
75189525,0.16038581156779033
75189909,0.15453672907293273
75194635,0.6189686015189535
75211500,0.09482738762671637
75221649,0.11165595163966344
75222844,0.13500538957079433
75223523,0.4137027706385217
75232245,0.6060824258890473
75233756,0.6361773772433966
75241187,0.1346186333170307
75251158,0.6560418226783026
75255640,0.5580217962887427
75264206,0.11923283799780504
75269642,0.11066924465623083
75271496,0.15799183578777082
75273709,0.6278172513119319
75282048,0.6130468559997776
75282433,0.4801017663727622
75283337,0.7680550208742616
75299340,0.6484914438765264
75304891,0.6144375818393619
75315015,0.5258119787163198
75367985,0.4895161969957885
75368169,0.6856740699985622
75369627,0.6373340296659287
75377734,0.15507294620185424
75497632,0.6874610516438497
75517756,0.60753852265859
75538059,0.17898064653386345
75660339,0.5569673949761609
75668384,0.18832429162934264
75708217,0.741172839211717
75728754,0.145748070872309
75738256,0.538111283036142
75740529,0.14767981941111438
75748518,0.10569296382325563
75750355,0.45125582035180806
75758422,0.6405377372268379
75780554,0.05243095141292062
75820319,0.6678036817030201
75839899,0.12023181525738676
75849224,0.111964785755353
75850009,0.4160215399797121
75941512,0.06855973691610323
75951977,0.5039731191081323
75952072,0.12284379492207768
75953671,0.5279595903592538
75963228,0.5625975921811824
76012640,0.5730273582010843
76061968,0.6537306536423578
76083860,0.6732846638011587
76092298,0.1689435216312026
76131186,0.29121512400838345
76151630,0.4063375512640502
76151728,0.7180495181684742
76201459,0.7598807221815257
76201986,0.6879948194952301
76203047,0.09544641788867422
76203532,0.022410133853558917
76225245,0.11087032139749192
76233386,0.6787913321496317
76241330,0.498167705311195
76244951,0.5210513794032099
76244994,0.17125436792419166
76283214,0.6879985945369524
76295339,0.6655329493751345
76314260,0.6822312875471379
76314654,0.0857339968462412
76351739,0.6525848128641097
76353743,0.6522972895237401
76382884,0.6975111185113179
76393672,0.026941514548839147
76435177,0.6191713021316252
76435736,0.46590200328482906
76435788,0.566599683298949
76436373,0.24059328208305003
76437973,0.6007678069255206
76518586,0.2538947260029558
76589101,0.574959021379954
76679036,0.11126627695224836
76728725,0.5404301454237872
76764589,0.023042116423172835
77020403,0.5428586921886053
77031360,0.46999586427902945
77051539,0.2005048108921934
77060030,0.49213583655646276
77102019,0.15831802598981298
77120947,0.49092436696098585
77169662,0.7068318859288644
77200131,0.19530412670593078
77200329,0.6166251329823648
77219244,0.622827049802748
77228480,0.1461934618224887
77229427,0.1745367947799048
77230906,0.6199363615078866
77260156,0.262029733157315
77268421,0.08790756834980479
77311240,0.6564747419374138
77318328,0.6726936688050686
77321269,0.6088912781580736
77399178,0.551121133123657
77417541,0.4747593972699013
77436411,0.6642460638534591
77439572,0.21823556136537944
77440247,0.6566110379279269
77447260,0.08172422540215571
77449551,0.6104273612851872
77449615,0.026489981039671383
77468491,0.4131109240995467
77470112,0.621328488940072
77471604,0.08071860355005532
77478699,0.11659164985251755
77486944,0.11086986816298765
77496700,0.135965370647869
77498788,0.43823300981988433
77499857,0.12211155851331243
77519415,0.030671737034994824
77519842,0.6712875938141623
77530658,0.6676226788717986
77531308,0.6884532436493909
77552374,0.45248496716991693
77564730,0.08629668931749276
77566329,0.1272954002366059
77595656,0.6928338388055175
77655515,0.4993200980622122
77765527,0.49116672566970687
77785499,0.579886803382877
77871886,0.13522176066518982
77971777,0.13167017230734954
78051485,0.49757552509081315
78072140,0.5501806678419207
78116175,0.09200684411345658
78189098,0.47433205638804515
78229416,0.5005443738658473
78288452,0.3417750013460263
78289080,0.5893639590579581
78329710,0.08548504756976218
78449190,0.019012202702299703
78489084,0.16032795178140413
78508365,0.6902087832770274
78528773,0.24609376947012468
78539041,0.14943923390919883
78539246,0.6668493958100059
78578303,0.22416085527159263
78659259,0.09316481887001675
78690804,0.49010455952742027
78800108,0.48551525796127204
78879622,0.25166212866765736
78879709,0.722992644196107
78880600,0.4614886626159164
79032837,0.1257661518758463
79041470,0.5407316783887152
79053605,0.6122038266643488
79074326,0.5840618129839094
79103927,0.7240523700111828
79210851,0.7214087856966956
79230344,0.14278755236986596
79230349,0.5115048977596816
79240728,0.7425462749206699
79291206,0.6946115641686944
79330831,0.07313585081023904
79483119,0.5544730713244892
79523154,0.5628176863042772
79532977,0.066874969224628
79613201,0.6496338885599601
79671141,0.11148794833807503
79673611,0.5588155329463232
79743514,0.4657060452144344
79764142,0.31949927369181425
80005117,0.14176133011200467
80318196,0.0999431861035173
80538139,0.48168727610235096
80601247,0.5679101025664837
80638135,0.5765216993718881
80738164,0.10457581040249972
80740941,0.7547648939545673
80769255,0.606926271464117
80978189,0.1266745299179632
81018889,0.1680063784103298
81100783,0.6220132587102376
81333101,0.13322012594940358
81347192,0.11143137772734688
81376030,0.7239448669415657
81423656,0.5223640696879212
81443683,0.11600265169644905
81467679,0.36679399613121144
81468386,0.5704047028128999
81474647,0.5317186779837906
81476814,0.13702825118777165
81515764,0.49155580005101723
81545446,0.15149950064079218
81547710,0.03277542060550247
81564918,0.4565887868802173
81566760,0.6241484812420665
82154128,0.46874014071781517
83084117,0.7085792692948676
83133551,0.6416580333938509
83174306,0.6380751463007764
83242298,0.6207667594869815
83374213,0.5218845259074215
83635422,0.49101688436170404
83689971,0.4533059026733706
83698870,0.5144332336781479
83758954,0.5871854459952827
83819776,0.6184763516653515
83962075,0.6804265652607162
83992473,0.22697315533166673
84031255,0.49978109501436535
84034901,0.13202534803639987
84042632,0.5414826810025992
84051799,0.15009641140716865
84060530,0.2554458330942651
84080891,0.19649697901594165
84084939,0.6031538262931373
84124091,0.3584290986854076
84144544,0.48691943020912043
84244592,0.5361908228890837
84433308,0.19374930275805952
84436886,0.12080809490060904
84454461,0.5743038659996094
84455551,0.13606274004351931
84514381,0.48134021688551415
84515796,0.6824770656190325
84554822,0.6537657632280863
84565040,0.5418449904801378
84585099,0.5323157547925974
84593394,0.6224110592946005
84730416,0.6990972401891176
84869807,0.1300618560668684
84869824,0.4355011354432066
84940218,0.13164918455369415
85086303,0.32115030112184423
85147012,0.44980827444448623
85227369,0.5682284164457397
85241215,0.12156477592871637
85250187,0.5079115076747576
85280356,0.4275930888345869
85350185,0.6537651947028591
85361757,0.16903288949034334
85370218,0.5382082302754112
85471899,0.7429201001181392
85481638,0.6127765893733406
85514767,0.17006072292075858
85515751,0.5331723191589347
85519640,0.4729603937822727
85534073,0.6493499299810516
85536092,0.2250881623778185
85544246,0.6009936951209218
85558171,0.5269289414346381
85562244,0.726403900402573
85577227,0.5325637649572317
85581052,0.12478508073553807
85615147,0.608161380480109
85620980,0.60200885412288
85621482,0.6565639484318695
85637134,0.12468144688737139
85640297,0.46812385109361215
85641576,0.5040380782186128
85655511,0.43151327497636954
85658031,0.5201775956723764
85676832,0.702951924654522
85682683,0.5929781322588987
85689208,0.3900093275421724
85694793,0.5954031271748492
85697060,0.12642184878619042
85715548,0.11932486559175247
85723252,0.138463037375892
85723340,0.17957968452475492
85736445,0.4817084277811098
85737012,0.5858467383572136
85784982,0.6504055460425534
85785207,0.49081061221970324
85785245,0.5626024082205888
85862018,0.5912551179349904
85951787,0.2691697277948788
85961811,0.1367851309825119
86042415,0.19308077363620893
86472432,0.5123606380112492
86513316,0.44964377507329545
86634088,0.4834607054829258
86822418,0.578876973608945
86912329,0.4393612214855471
86922914,0.6995724184585678
86944193,0.12361551406896151
86965213,0.6790189409372344
87004043,0.49139901558204213
87023830,0.6677446503592117
87073395,0.13115942656863727
87085354,0.5561347905631361
87094534,0.35170467790297544
87113037,0.4790736611603044
87134089,0.5427273817232283
87145489,0.0203011049267165
87204633,0.09235564339614787
87265137,0.21839940472974417
87294201,0.4913227554594235
87314310,0.732084376211476
87434667,0.16877651107411432
87444908,0.34477538545222386
87484244,0.7077846090923202
87574123,0.14952604799099478
87794421,0.5698083217115556
87954089,0.12573388289612042
87958316,0.5243240376738899
87966563,0.4468309764877796
87966704,0.1815519487366662
87975791,0.20586560607552376
87993104,0.5075733830613112
88013094,0.5777668833492335
88023327,0.6928410174051916
88038369,0.33165541060472803
88042148,0.5852639413719156
88097165,0.5407386997053955
88104289,0.7486060074188176
88108596,0.6302954593899276
88115606,0.7572405096107298
88132596,0.2311953241433753
88132938,0.5618249803448206
88157037,0.6853648390947904
88175466,0.26171029466365775
88198937,0.15338734742553026
88211678,0.49612722525014114
88216147,0.49866055072947757
88229419,0.5800464263073989
88229707,0.12405669448824674
88321648,0.6608630293477323
88381653,0.45674545090677005
88421814,0.4961265203492841
88431353,0.5531082539571758
88442169,0.1635468237585588
88543630,0.7122244450007889
88545174,0.5248518655122472
88655579,0.23756692521121955
88713628,0.15982105904253363
88762163,0.18787775494368533
88762401,0.685131437382396
88782759,0.6275115408520983
88804539,0.6167931388174493
88813161,0.15739858360399497
88818553,0.10117025422888362
88821870,0.18645547957102243
88866383,0.5248402616435919
88870170,0.09496414537921269
88881781,0.6585100768715978
88912047,0.6548560124988727
88928852,0.6681664953298366
88953033,0.64111975262353
88986931,0.1973717900804627
88992722,0.4087782387836127
89003926,0.5591405921578677
89027526,0.6170473795609859
89805204,0.14066442472386181
89814757,0.7316162420110626
89816293,0.04594546120440384
89845615,0.4956489761422299
89867431,0.09534717612352943
89986819,0.4248862046514646
89994960,0.6011781966124672
90006753,0.7040858850718666
90032212,0.12939704919531603
90059118,0.43071312117005267
90082427,0.5167353133208241
90084606,0.6480914303088257
90096016,0.5289979017887376
90121221,0.45955744953778643
90147391,0.593529238161226
90154659,0.11201869689244492
90204411,0.3139079766601848
90244598,0.5836140883148179
90251807,0.11634201457529057
90252277,0.6959735681365065
90270859,0.5055160021212496
90279215,0.5380721325468326
90291364,0.7016861949589197
90328149,0.5180246434453197
90383653,0.09100376080485763
90392702,0.5976683773592042
90404184,0.5661689989610095
90407087,0.6857064293104336
90408970,0.5815824819119589
90693473,0.4161062326887919
90695380,0.18098426444348625
90706241,0.6379296308976726
90708480,0.6765605628409295
90785713,0.6479750764335361
90895216,0.4802180413649764
90895810,0.5580717063384488
90916204,0.19017463339632015
90926525,0.6624858230044505
90936136,0.6649885262751504
90946409,0.6856320010032303
91000782,0.6355975080579963
91011684,0.6384423048850864
91032249,0.07844837590055455
91052392,0.5120228927847686
91057132,0.6289132095529926
91069684,0.13195032935026682
91081390,0.4819661655361963
91102561,0.6794457686408453
91123087,0.6477131546194385
91128296,0.5840442045270035
91131111,0.10317038511255826
91188127,0.6304567289948304
91197991,0.7078084361424332
91211224,0.10726299806069191
91238625,0.6845053665077407
91294434,0.593235683364633
91354706,0.13056800353461345
91406988,0.6985559725938743
91427820,0.6432356171269482
91433356,0.6977480121255867
91444876,0.1190448889153113
91484090,0.6055260530168889
91485537,0.5444509645639608
91495928,0.625511021658811
91513828,0.12949250434302864
91527102,0.6513379064079062
91567540,0.1932236834932357
91573740,0.5409092014136314
91595267,0.48082890017058727
91614580,0.5654993572678781
91617279,0.14544566850622712
91632254,0.5695845333251338
91668375,0.47246367468981015
91680271,0.44815705297979214
91803916,0.32296383062583345
91874218,0.5789647749803182
91894554,0.48344392184512475
92055226,0.6791559854249986
92113339,0.16080882928670145
92143941,0.554437006840763
92215833,0.1384554531922157
92220336,0.4649794178340399
92248564,0.6650056290004867
92261282,0.5386603594500745
92279689,0.06361864038529581
92281164,0.5653310778590395
92300238,0.6090812910686797
92500983,0.10338149841656542
92587809,0.6525302959638996
92627334,0.22059275948688783
92627845,0.6826800919207835
92961597,0.11327943750255823
92981600,0.1240434092698326
92991805,0.10531551583330087
93116272,0.7832371656006377
93147812,0.5170918284754339
93157810,0.6827570358012566
93378171,0.5745209723920478
93390697,0.5703512979778101
93402874,0.31226537683701394
93524736,0.6536917839057486
93574850,0.7364798825681643
93605639,0.5544482275905924
93623373,0.6805251819194035
93635262,0.6987886149464929
93642140,0.6875985211477802
93676154,0.6982818132503567
93686054,0.5336278668213575
93687205,0.5252492018949602
93713951,0.1567732050185022
93738442,0.6506790862816828
93790873,0.699657666060429
93790996,0.7416947350508322
93811310,0.13445183775396677
93840792,0.5806661556085124
93850355,0.4971454041007834
93930733,0.4944194730842214
93930838,0.16033812978951079
93979129,0.1069078206779757
93982379,0.17509224243232321
93991794,0.6675153978715418
93996454,0.15929784814983305
94025576,0.6967570181803088
94038044,0.6403615366974287
94045669,0.41563042927134414
94056676,0.14256534100318918
94097470,0.577709475727562
94098552,0.023602957912751507
94108439,0.5780387600026876
94141530,0.17611913153137826
94142221,0.4083541382970243
94151984,0.48858692256957376
94152512,0.634273138093799
94159186,0.5432444203208245
94186135,0.6660212759626256
94231097,0.6338011926646251
94239939,0.438526186359087
94255383,0.5664285694886955
94256896,0.6907013382597033
94261015,0.5100768596144665
94292834,0.6842357757212794
94306564,0.5573116457236099
94337083,0.6994854510462316
94339634,0.46214628467788127
94346299,0.6072252500154939
94353731,0.4970045797385306
94355442,0.6469263593618922
94382841,0.6310281944218993
94388921,0.4039960934324456
94391246,0.5715738924358245
94392025,0.5509042613805152
94415870,0.514120923263008
94418299,0.6557478489532981
94444096,0.5110411747446078
94449855,0.599997142544746
94468084,0.16510762870786766
94546510,0.41771638531878386
94831604,0.6054850831214529
95026756,0.6956898800468139
95063415,0.7948380427223306
95091494,0.7615268757273537
95199715,0.41630021991501176
95223023,0.7202120135973116
95227180,0.48913613432156516
95251134,0.40381777038795763
95268602,0.65709945997071
95269782,0.5756734818814467
95294390,0.6258282636960636
95314111,0.2313280872549826
95317701,0.6190816241818822
95324514,0.1087941512629403
95347867,0.6590587298088343
95364902,0.4652868046747961
95397184,0.08219599691153447
95407419,0.4986984177675693
95557223,0.48022460039724324
95588982,0.47550115132197873
95726242,0.5270928710609127
95735967,0.6635715415331654
95766104,0.6018415644875383
96003507,0.09590781022540991
96053355,0.5369290806974056
96143347,0.5344408021420599
96186675,0.13502162265568984
96197062,0.7048271035122311
96209467,0.5948472169318925
96325770,0.5079854676449992
96329659,0.12160577506716103
96329674,0.09835846890012805
96460045,0.4627112069253151
96558788,0.07668148750751527
96565343,0.6873603387230486
96590812,0.4175208954768946
96647543,0.6236151623850232
96662721,0.19797649894759237
96683558,0.2199010235109394
96708067,0.6358059649917519
96752349,0.5724223353125156
96799482,0.13210688114919977
96877362,0.6093430045308789
96919254,0.14044424637806704
96930510,0.5095370903435112
96933408,0.19662269982498762
96934465,0.6167696718419666
96943382,0.09083878297050106
96974108,0.7216338796589333
96993808,0.5773453161729096
97162550,0.7268270687931522
97232984,0.0933442862120197
97327914,0.5386922652833805
97337867,0.5206603540731284
97347589,0.5497062340926386
97357380,0.6955553571489526
97366405,0.10715936318035912
97388919,0.5669441363814293
97425162,0.6505704752187208
97434698,0.4371320011724567
97445116,0.025605800444969722
97473591,0.1399061638817371
97490908,0.6977274040915079
97508920,0.44138916641193443
97533900,0.11158427220840646
97555160,0.12659695812788604
97568412,0.4965005231133388
97593320,0.11826255611185205
97593955,0.4882328519817503
97594886,0.20344896239477017
97595048,0.1015554001205866
97620643,0.21084606271245893
97629721,0.12129757448846021
97690753,0.649480906972244
97789441,0.642630828026676
97809532,0.16145653658086914
97829293,0.0956715747862064
97882261,0.4097799909802391
97912301,0.18409163621882704
97933878,0.15558415580807916
98103824,0.5516535806964151
98126452,0.5436497143136603
98126546,0.11275147170270597
98139462,0.6990162412548913
98148915,0.44133645663944926
98169277,0.566947176681208
98267240,0.031480081245382825
98277346,0.4315811016531586
98768476,0.631095693103968
98826839,0.17945858326135372
98845584,0.5910097471778983
98846416,0.6063431751101417
98905152,0.5721964133466392
98927979,0.5960631052725108
98945397,0.11250410149974964
98947825,0.6214574129217922
98961142,0.08456039128470828
99233245,0.47909735147470034
99257233,0.6895192780726699
99259915,0.5240838918629417
99330637,0.5928368128956567
99511005,0.02052711497781636
99657128,0.47120953287779666
99657842,0.5910320246616769
99677953,0.13298570069767374
99706213,0.6639410817624839
99776809,0.0307364736314587
99807498,0.6295135304411222
99869501,0.434502393617961
99892036,0.5936873891764475
99911272,0.17358807543905658
99913965,0.5975802310821525
99954442,0.5015814059158652
99975756,0.14795886253792034
100016250,0.6525716253419553
100024717,0.07747583255926609
100026576,0.20390654755372736
100045184,0.17854576066506636
100061294,0.6558907537920279
100084901,0.16304864187224197
100104804,0.09066851559691806
100105776,0.1858504041326509
100153208,0.15846532608480646
100162867,0.5621101121840484
100246281,0.18311833130168623
100407232,0.17378570745620567
100449698,0.5758531874646344
100455646,0.6659839927706829
100458219,0.6511555461744211
100459586,0.13010322061540977
100473290,0.49223280003510766
101282315,0.7045240569950199
102046353,0.23856796487964457
102076323,0.09079802986481493
102095162,0.14527244403966383
102165737,0.1313975370206266
102319488,0.6428677621826387
102374152,0.4842634590525268
102375714,0.1275917787220287
102465340,0.5288459048819452
102485618,0.7780700003342879
102487184,0.43088110101385874
102660115,0.5551329289861233
102661072,0.14385765692892538
102947245,0.04014727774430347
103197286,0.654242823752682
103213018,0.5558987036582663
103327182,0.5971138152181702
103468387,0.2298578227391592
103470552,0.6388835246997513
103473732,0.4719627155892822
103518243,0.5143068057280502
103537840,0.7153621802719857
103547653,0.6644261922051719
103637718,0.46572327868561453
103668170,0.2668274998741039
103752502,0.6547476008940682
103912019,0.5597574882317441
103921732,0.4943372218428514
104028127,0.46589636139601653
104093284,0.44496788908060864
104202410,0.42919065888154195
104222441,0.15321890991699996
104223727,0.5277670415447739
104281330,0.5449579908777349
104283216,0.6491994020737991
104302315,0.5920548029151615
104309395,0.5179614267179368
104310792,0.12611514508140376
104318827,0.09733514453707127
104339798,0.4870116632812364
104601796,0.5167244541461943
104684304,0.46367255390428297
104900052,0.7099257687821134
104956191,0.5260375369005111
105111339,0.7065524775962522
105151427,0.14389423972461932
105153981,0.6905747289736075
105158911,0.6238960745334818
105447316,0.6323020504177016
105527674,0.09877882298167218
105722164,0.5714768576717841
105782812,0.15558710108810642
105884149,0.0892775704345434
105903697,0.12423422888992901
105940389,0.6994045869936925
106195229,0.10173925748187866
106205777,0.715606607976328
106211896,0.6772412625989372
106237494,0.5916378338849627
106296438,0.44658410026793394
106337776,0.5723095060487844
106408094,0.5927162834074657
106492640,0.10942983648003587
106492750,0.1843646024905577
106501885,0.5468703963736755
106732092,0.5199242861266247
106806249,0.6961043134026335
106956444,0.2164733784046598
106996205,0.47956509542447334
107028729,0.10288694406070908
107064832,0.4139918481346494
107068527,0.577342939885125
107071506,0.3901505108068472
107072712,0.22656350030957437
107079006,0.6796127517813564
107105371,0.4799140621400949
107136686,0.16907889755554809
107177165,0.09007070203238667
107226378,0.314481379490047
107256964,0.5362368924088471
107360959,0.5577334255376485
107370458,0.5996517146972905
107520043,0.6634054232294382
107520676,0.6214527384027719
107635532,0.7284995645116382
107639350,0.7344883473894612
107650525,0.6328472520736483
107659998,0.08172472500272215
107743167,0.695677702308539
107970488,0.6904806156009936
108108919,0.10999499651309294
108173473,0.4619083068482241
108183580,0.544231678593543
108501570,0.5515883642805066
108518453,0.5471848320196869
108609644,0.6123762040286476
108774918,0.4581300868983848
108915927,0.11891182415617423
108970980,0.13981071948368834
109005841,0.12913674603543127
109037642,0.4808463066792828
109141556,0.6373990386948241
109232366,0.6941685044749231
109235606,0.7841511110932043
109282698,0.4726332617006349
109320087,0.14080297945243456
109326390,0.4858232261778449
109340989,0.7104321780812982
109341773,0.09334322886908644
109352919,0.7339000269470065
109353909,0.6659695416937278
109371061,0.6377525988787435
109564595,0.1777251203406019
109607763,0.5603094325536516
109678746,0.7082957302669798
109680779,0.1746731505948856
109685794,0.6437579963350119
109720137,0.6252764786475583
109732554,0.5851844791288635
109788892,0.5924160095288205
109832727,0.10943835136847134
109848989,0.546121216698916
109871467,0.281768912456693
109952994,0.6620752445903466
109956071,0.5026525548585322
109957386,0.630870941374975
109981888,0.6976594681496251
110001305,0.6317180566023746
110003228,0.4732211406804968
110025524,0.037066012314007336
110038313,0.7265804890659172
110050911,0.6533456900479242
110052001,0.4345310111408214
110062380,0.5885987435496775
110077175,0.09406947246736433
110087383,0.12978378007877173
110087908,0.6077955571225083
110111995,0.12739026264518746
110181464,0.5098078280598064
110253013,0.28923068846326955
110361696,0.6210941150431242
110380055,0.6656145985300178
110411925,0.6741798451012972
110437034,0.5187730094624325
110441314,0.5402271447580989
110460158,0.2734491449879654
110530126,0.5462533359822256
110540775,0.638080533492351
110608652,0.6318553532604992
110663299,0.10363138078556834
110684791,0.09038957429864032
110690969,0.5568866947049284
110806124,0.08423761082964305
110925199,0.28641195219586574
111050889,0.6547630189942337
111069810,0.5099123091361132
111097951,0.15065086245544473
111099079,0.09247013273845332
111123262,0.7154380721525769
111130529,0.045070767591605214
111411453,0.6449954371968553
111448501,0.34525265081330375
111480343,0.5970283851441621
111517751,0.7596155370433352
111529309,0.4231138682163068
111588929,0.690886416163273
111649969,0.7329567206963516
111672367,0.28363915951492547
111683467,0.11835407221203602
111683918,0.6373620683614056
111684847,0.684065545598239
111703501,0.4603371108623984
111707265,0.5391236953644969
111737386,0.13054123175767365
111740903,0.6038533989569632
111774308,0.5498911139947185
111828331,0.6502346245652618
111856053,0.6359637515251995
111858348,0.39600015320028936
111867035,0.6726911763793761
111895454,0.6817759413142458
111909124,0.6349849135378504
111925506,0.19212600502342034
112034964,0.5938256729372896
112062985,0.7749861004023452
112085722,0.7520596403114894
112117289,0.669807442632449
112220490,0.5756485970777896
112370015,0.12502520394557656
112380283,0.4031198913363379
112446286,0.6239415631608446
112456588,0.028494937379130916
112465153,0.5381539058984542
112497129,0.4697425883576283
112605591,0.10826918909872282
112636473,0.6794138310947014
112675392,0.1412099698224747
112729042,0.6485575585012977
112733478,0.5973405414718165
112745524,0.03933216135392277
112754798,0.05502296238262364
112817953,0.4985002002971753
112849933,0.13172631974513652
112872781,0.6643277889954741
112876221,0.5507253012162089
112886418,0.20005298483292275
112907769,0.49899902620637837
112977174,0.4922666985653801
112987766,0.46171802496384046
113012398,0.6267703588068126
113026537,0.4408755291975358
113033367,0.676106399349028
113070035,0.7281430476032613
113086221,0.6670385696177674
113093709,0.1345748107135708
113121500,0.09785133765449894
113124779,0.6505325293101883
113127033,0.1597537255365141
113144672,0.6471013158929271
113151118,0.7591048330799072
113154111,0.2894101006364893
113161164,0.3568779621176032
113178752,0.43941659425700685
113395268,0.6145489582134808
113489946,0.2771025207236275
113494633,0.693051946397013
113512384,0.6879950370043828
113539450,0.6655018781690767
113559257,0.5471401354748272
113618900,0.5238457529947095
113690276,0.15070836684306269
113809131,0.7132640855480926
113822227,0.6289319128782067
113840713,0.7183001454034977
113847382,0.519383511411249
113864383,0.11906142939166
113912394,0.09803676580694508
113964648,0.219679783362568
113967416,0.683172389638575
114032971,0.7111801877112803
114044957,0.6740221535137078
114052853,0.5553584289304668
114072182,0.39746838621413666
114161248,0.6470476985429131
114165067,0.678552632573229
114171117,0.61976276995131
114173300,0.47343630948700605
114201671,0.33279547949446864
114223275,0.6540197008550835
114236837,0.795946582453746
114517954,0.6373445511242907
114785234,0.7080537190185486
114844178,0.6911593765042517
114943946,0.6815928233589076
115014205,0.4947861910295877
115069385,0.14349614916861472
115074311,0.3999798919225291
115080972,0.4838394505537252
115084505,0.1439176140681651
115096252,0.4792715914317339
115104594,0.7526449431677823
115149512,0.1380321101722483
115175797,0.09430347607259926
115177279,0.7843627922368407
115233469,0.6915091107089977
115236113,0.6326974666032418
115249145,0.5814251564472198
115350303,0.6343073338389108
115359795,0.6813501905846887
115360371,0.7118553468806516
115384818,0.0910190326091719
115388815,0.5052343274183854
115394911,0.5108060440204218
115467549,0.650874501835463
115647522,0.6308586941039936
115647629,0.5767067005776226
115701767,0.6098669731678222
115702345,0.6909625071132314
115707520,0.4889540012947394
115715545,0.4941920802472193
116154114,0.06872621301576025
116250279,0.4283269928226462
116259601,0.03619803375832026
116265638,0.6731210713983063
116271411,0.5296368066265758
116523243,0.47672225705581783
116524284,0.430026491753117
116596959,0.5518691416580919
116610020,0.3480371072515337
116612780,0.6881706567077049
116772451,0.7256714734971248
116803768,0.7407979477093809
116816928,0.491011766482481
116827551,0.16320793765583655
116828261,0.6736121126639207
116845022,0.7222096414841002
116867621,0.13430485574801138
116870846,0.5466678180688824
116878437,0.7342376820123055
116880925,0.6450251410250727
116882289,0.351218401528124
116926767,0.7319527623158424
117000246,0.6311384007922933
117191383,0.7268570896613001
117218341,0.5751331336101168
117220388,0.7382457432350636
117226284,0.19736496001009565
117237165,0.09391994013256082
117238443,0.7302284989154831
117249462,0.5776144569952204
117498386,0.15099773676879655
117844668,0.484095000850137
117851089,0.5227414296202095
117875389,0.7177808493193167
117879735,0.7186661534692879
117897155,0.7426619254272174
117957020,0.6007833447980191
118028815,0.6137807682004525
118068950,0.7167217127288296
118076835,0.10714507928349477
118126867,0.4608705351739836
118154965,0.7086354820911855
118157215,0.5237801109162851
118161950,0.6862953816882273
118162782,0.09334614222414409
118180443,0.5892224597175829
118183437,0.6987094908944428
118191769,0.6080593028028304
118206476,0.07784838755119211
118209590,0.6072320470212039
118219427,0.14982792552110022
118223959,0.4793924828842585
118231566,0.6534218888103048
118246071,0.037469978939254446
118312733,0.13474143482804116
118323393,0.7792861008595315
118325126,0.35356328718004676
118331789,0.7559681995760164
118437558,0.17226085412759534
118557253,0.6093298046228987
118605288,0.14849627123869932
118617159,0.7445592979698713
118645378,0.5947339324039594
118675909,0.12521955476488386
118677512,0.6498919780323106
118983408,0.49110914287547636
119034932,0.5009211407470244
119044492,0.5690456963617264
119221315,0.8032900437106705
119231246,0.43807765091193207
119246548,0.6431902394758343
119248329,0.7266789811419698
119266677,0.15148325541295984
119280211,0.13052197750913064
119282953,0.47404775022322687
119296842,0.14220367691500563
119299984,0.702785946731635
119301342,0.05363279495691997
119302819,0.7051276245362245
119307619,0.583239447123933
119337453,0.13170395270693147
119344895,0.7277248190202429
119345285,0.5581320541087615
119358289,0.47308754921764334
119360032,0.1396221976461132
119365184,0.7181573263619788
119369452,0.11812143883486124
119381054,0.14323639865215163
119387467,0.47132310723794973
119388251,0.5894760235265614
119413613,0.7231841639188448
119505481,0.37555244691172746
119692082,0.1372572343391521
119698068,0.3418499773225921
119810270,0.1890505129312767
119821026,0.16950191610173926
119898646,0.11818162195820997
119957195,0.5815195830621164
119957485,0.3062819118778378
119958342,0.46247292150597363
119974306,0.6382589387193283
119988211,0.7087022055422233
119991549,0.6525988396957251
120000217,0.7549457809581781
120005057,0.7010397752763994
120021927,0.6037032218740542
120025212,0.39909967781953776
120034915,0.6561243452533126
120036379,0.6943940458063068
120140203,0.1067743721017278
120141235,0.11863986018365558
120142894,0.4607209427250806
120152445,0.5902563256875893
120152552,0.5968090314950306
120162695,0.7442393392917768
120189318,0.5458929953303431
120207964,0.7486719246455034
120211167,0.46820920118544407
120216656,0.661679331787495
120216986,0.3487741178168823
120230292,0.6227216327355561
120234284,0.6906913052407375
120253426,0.6933320656216339
120275483,0.4540846826581829
120403960,0.08518940159807244
120579803,0.5357297077102479
120584888,0.18649269320802464
120590480,0.5674500167744689
120610695,0.495418422478724
120629131,0.48642106829619364
120642535,0.5285814784706904
120654619,0.4540879370729703
120889676,0.14121321391315325
120944468,0.6526810035959176
121201631,0.48854527273384235
121232949,0.1439712532034425
121280826,0.07254441205982222
121291369,0.1705286014886764
121321199,0.47317434283942567
121335363,0.09594279202368836
121359340,0.7150266893667215
121373731,0.6852379325033169
121378956,0.5199148316654485
121379542,0.6328983284278562
121386997,0.5159869174735817
121390101,0.0295847976457999
121392224,0.4586057931863422
121714969,0.4245873896973809
121718129,0.13570734769076348
121722351,0.6910639191767335
121774670,0.5952402516088635
121799818,0.1713931874630434
121810765,0.6554926037861295
121828121,0.13263008308437793
121833872,0.7506155406209426
121837934,0.6211942072957783
121926083,0.6765931298312357
122191817,0.8343979119047262
122201146,0.6598204172676776
122206514,0.15487350932099922
122240435,0.10320818848297533
122244754,0.15713357848137843
122273040,0.5529668465534939
122324372,0.5079028625836028
122341149,0.3599328129839868
122665549,0.5586152690485069
122686336,0.7345609123894519
123022347,0.49322887107963526
123027504,0.13264911103446522
123036223,0.1263151966943951
123061920,0.021206865625999417
123326536,0.1079801410650941
123590032,0.08924839209858608
123613927,0.02722123432439197
123886493,0.039339372042739525
123890168,0.028020060578711335
123961020,0.10725689091473699
123973751,0.535191769472335
123987911,0.6190448761050644
123991714,0.03725307828058983
124000698,0.47434632852645425
124041904,0.11411753704219287
124050556,0.6615302187143662
124083077,0.13213458882421542
124088890,0.6332930688383511
124092770,0.5417816688126748
124100714,0.5275606256769291
124141608,0.5251802475992772
124141902,0.71491417655891
124149252,0.44414030054042364
124151837,0.5324211642737052
124742262,0.19935068486132945
124785249,0.7066321524570209
124878699,0.2056675200153863
124965108,0.046978230622059504
124983565,0.5412597836551235
125050044,0.1452903301587641
125068858,0.09248115981745776
125069348,0.10695559920477257
125090013,0.48846052273130675
125131220,0.5996643826915306
125137752,0.09461427785411568
125153420,0.6404221333333331
125164636,0.4604377896096324
125177913,0.20008797019237834
125197028,0.12969712415566723
125221515,0.5838216570524823
125267510,0.5690317300732165
125288051,0.11229491081417539
125308670,0.09212316092615715
125347386,0.5143836341779997
125391535,0.6273310438947662
125470336,0.08282831198485685
125582308,0.14130052161012813
125676740,0.02622820434878802
125701225,0.11738305010917742
125707604,0.15950616058493183
125718157,0.14006460618739308
125727307,0.45843976320960156
125729849,0.52792207029739
125738909,0.4221124874079537
125786911,0.17278831272007483
125810305,0.6375926793050494
125827470,0.6719165509612741
125892345,0.5276064155222318
125941317,0.08905646863970382
125945218,0.47630984999543313
125952109,0.5259674505050671
125957989,0.019335570783902054
126028953,0.13514639833243297
126070740,0.557068242367776
126073197,0.49873188592703455
126154600,0.21371010521641318
126193819,0.12891547327608682
126205077,0.17359795913619058
126231751,0.13418895331238334
126267389,0.13690878589329422
126282762,0.580600744331826
126289277,0.10984024288826252
126300507,0.20672638508553054
126376310,0.5292256878646971
126376900,0.6494307311551626
126381526,0.7007020960272023
126415004,0.13429443615932415
126420222,0.22004243655747321
126467584,0.14432326195108663
126472442,0.06297704637420234
126573586,0.49915063538436233
126626553,0.15911053562127783
126688508,0.038720596360239945
126689714,0.6268317284627976
126760417,0.13612928762256268
126796856,0.0802894563960477
126817151,0.07710810103729633
126817852,0.3046548876003922
126832974,0.18429717786114594
126856905,0.2022693572850983
126866399,0.5044478852708462
126902999,0.10547311518639779
126912132,0.09357967730668826
126963722,0.4067963781868282
127020855,0.5319471594655968
127033641,0.07701573408220545
127051114,0.10217499507608191
127053802,0.6666504738162209
127097343,0.6638763646558741
127148540,0.4482402622004203
127168064,0.12143507548375723
127188355,0.46721486285136904
127262251,0.037008578839278515
127295971,0.6511634234827398
127369633,0.5950221621895674
127372219,0.07378387793408311
127508157,0.14340517813224107
127526746,0.5475509750512138
127589770,0.12154363654847546
127646467,0.41529807049796574
127703750,0.04514742982384164
127705899,0.5895633645499848
127798465,0.08348372640887726
127897361,0.527891324264912
127911398,0.18377737382307993
127969688,0.534016999740698
128022617,0.06941678275051398
128085755,0.11500957693052133
128132781,0.28412309960100157
128194881,0.1316805761908462
128216772,0.581544136891414
128220697,0.12398648406586374
128234268,0.5563397738204371
128237310,0.12108422449040912
128269247,0.18950755624818102
128358376,0.5861637028150589
128373256,0.14648368968417702
128491305,0.11110834237663536
128492781,0.13057492197163176
128554781,0.1396238625994659
128556337,0.0827261076974794
128563007,0.07589232088436874
128625842,0.5195851880383705
128662495,0.5529805761038494
128783483,0.4123873995594777
128837393,0.13250163164459747
128838363,0.5725563925485164
128896798,0.5104997392864378
128914913,0.6066721364684897
128981819,0.4805878489593257
128997390,0.5389943957668968
129003736,0.5379323638864074
129045213,0.575222435784485
129092521,0.6578057127054534
129129750,0.46968431417931866
129170399,0.07087396281417818
129222011,0.064752081147536
129232377,0.5967264628823848
129337498,0.5235814871975748
129354139,0.47377731221425096
129360649,0.09218275176807669
129370956,0.1146395241004171
129405189,0.20341783554769263
129435610,0.47453743033102014
129464380,0.11664463847049959
129528069,0.5073839334248724
129591365,0.08456672110286348
129622998,0.5225263296191622
129662585,0.1592618471501997
129668630,0.5894948918838903
129686778,0.6411867712882194
129751228,0.4561889503608143
129800562,0.09430986962566011
129802476,0.4770306966146896
129827326,0.5630437444436948
129925900,0.26811595165448815
129969927,0.7539427415968148
129975574,0.07878570004941646
130022955,0.590130495511638
130032620,0.5693733894206631
130096157,0.17764439743495541
130097548,0.19494992256465044
130113498,0.572843448114898
130127705,0.5920437680033123
130141977,0.692709550611745
130148497,0.095131782089439
130238112,0.4621091746783572
130249971,0.11184966170230058
130331807,0.14482073983911442
130373978,0.14278512830988838
130378480,0.11282768717945293
130395791,0.17250541447398104
130406169,0.5277354227670072
130410651,0.12984648079832217
130511088,0.1030248989404057
130530605,0.17306805137612674
130558752,0.20469700667781193
130562128,0.15641142678412595
130708000,0.5764767178582954
130748108,0.5726336881837876
130795983,0.12446043785142763
130889430,0.0939435903411538
130915093,0.10892016533987439
131003086,0.15329337417491237
131061874,0.5656083708585093
131072272,0.44502261064403786
131079707,0.7088157993226551
131107765,0.08427886783205893
131124253,0.6410660181217208
131206203,0.7080437496533258
131238134,0.12079911442568836
131269528,0.12102501836027955
131314875,0.49917110894200156
131336762,0.17722877587653757
131364117,0.511926756302799
131377533,0.5753132709346265
131388439,0.16326258316420678
131400196,0.13565020632497163
131402963,0.512401138020333
131422399,0.6480905981092182
131434362,0.6086905032551256
131508050,0.026004174548751476
131516075,0.12869799148742894
131520838,0.4386464092801119
131569115,0.10908364645499208
131613083,0.11044058622857732
131629229,0.1141422664777536
131652756,0.16132519800424905
131657405,0.719451845664023
131707644,0.13298339476391852
131718764,0.07924786695729984
131724827,0.4847282404285854
131911216,0.03311243483267564
131992474,0.13445598956202987
132023882,0.10278971503917661
132054735,0.12303629151513096
132055371,0.13876748255738872
132061151,0.151734058261066
132075240,0.7344184096218859
132113629,0.7409406414570323
132156091,0.43227436473363057
132180710,0.137643389819005
132244401,0.5969595264367239
132290293,0.7121316197659976
132308704,0.5655536870352461
132310973,0.11773052459223214
132319211,0.48931011793123447
132352291,0.10798050225771598
132367064,0.1781821586222992
132383742,0.6059345146485187
132395394,0.4798725068588769
132401103,0.5375626658988235
132402030,0.12136101749669992
132429923,0.3198368177411174
132436331,0.5554320751845572
132457692,0.12662368259758566
132472321,0.09403475400561268
132483821,0.542755512641791
132515144,0.022083576967718756
132516903,0.15914807759702376
132582887,0.019473658789783112
132594986,0.5615623951982043
132669868,0.764830012485155
132671673,0.5546100944266876
132763656,0.5810841606529172
132764031,0.6569601320421187
132784790,0.15723161264106927
132814305,0.11183412192701907
132860231,0.5647719948941923
132875187,0.11765758831913257
132885710,0.6861099716238018
132898310,0.5425924958317165
132921558,0.554398553809602
132983711,0.026232033806579434
132998139,0.0920331932619152
133039312,0.15693899557451318
133077716,0.5451978267746898
133130279,0.09432265297420189
133208690,0.4643607852754354
133211024,0.1532544666185737
133314394,0.42335574036195706
133343274,0.6493945869262392
133396150,0.12377858989580946
133432186,0.12052446221166636
133566293,0.013449670011723577
133598607,0.06662093698646644
133629269,0.11771875689565749
133631255,0.15276517907690426
133715647,0.5755434875538064
133716573,0.62509713255559
133760657,0.15715471590875096
133761026,0.2117129615674463
133802714,0.21251450982302145
133823303,0.11152014457464642
133829766,0.6661006491594644
133879960,0.5897864811988173
133906692,0.646437828155071
133943182,0.8178314616965395
134006141,0.16662303396086015
134042125,0.11567320844095161
134103166,0.680847581073532
134123225,0.13871824320475723
134127285,0.6476785417902751
134142253,0.4145337412952178
134336210,0.09719644577820885
134359499,0.7298881054227885
134361228,0.5085763601020779
134396216,0.6233589644805624
134413283,0.10955227987843753
134598776,0.4031488678749738
134621486,0.5209974927954277
134648096,0.1610135649192921
134693819,0.5347708185292651
134731410,0.11936583846223232
134844638,0.4999440329098513
134880176,0.6515491900502594
134892071,0.6379065305795804
134906148,0.010933292481847002
134927440,0.5636482538489721
134955610,0.16615753426019791
134963392,0.6542007429001936
134963756,0.05972657557611897
134970363,0.15481994237705193
135035375,0.6519010238887595
135086600,0.6815589244463861
135108929,0.10061867808669304
135110660,0.5170771997647569
135128101,0.16259411263043308
135246729,0.11808574902901323
135266305,0.18232469372245014
135313191,0.5479563224852588
135402483,0.5386544473792686
135491047,0.11496483871262043
135553067,0.5305557003505948
135583845,0.1324888790887076
135595439,0.5716727020933909
135686834,0.12310912727941394
135702924,0.5982524777775046
135810360,0.5791453246927557
135817141,0.5138117663688473
135898634,0.7361627042438884
135902470,0.17902894836160974
136042671,0.09425297195977728
136099480,0.18255085200793456
136174035,0.7188580009236365
136193327,0.5784790899213984
136205417,0.10544228771525471
136221433,0.5463026092843624
136222860,0.14630523176748295
136308318,0.7446838370203942
136359016,0.20072270911149484
136361248,0.46246486529468606
136409702,0.17115229860531547
136456167,0.13236333854010682
136461376,0.12048979369739818
136467901,0.5437151136747795
136495813,0.6309007182938154
136497154,0.5723318456073042
136533226,0.7076979071338722
136547048,0.06733216708522076
136551707,0.09720591135719653
136583896,0.5925082289262573
136606230,0.10448625848719775
136610151,0.6014412635058757
136625400,0.6838656068940074
136635141,0.6661699974715725
136726016,0.14158715741854905
136745186,0.10728203313495889
136780048,0.1069556527982782
136811810,0.510963459224173
137020807,0.11036178671221857
137040795,0.6952613410401522
137136634,0.567289809423657
137165366,0.1393868468405508
137233771,0.5870674430624835
137252942,0.47671688305983195
137273542,0.11796133899026025
137296734,0.15753009035154353
137304139,0.7247583384161725
137306731,0.47692144139047044
137320000,0.13595538499026663
137330952,0.5063219523911537
137331046,0.3962746452822691
137355370,0.1258964804690838
137356418,0.4939274976953839
137387624,0.2412405350478161
137415640,0.5143188517688163
137462029,0.664961690673096
137465443,0.19075744942556472
137496278,0.484470554356941
137511549,0.4977009674574672
137630322,0.13700372322037113
137667275,0.11267905540703116
137736767,0.5797653332732119
137746906,0.6849354762214253
137812269,0.6210357614188418
137883535,0.6330724884207808
137886570,0.09996376418118363
137952606,0.15357270996014583
137963223,0.601797086501874
137975231,0.44655336904924114
138003878,0.12582503048907412
138013488,0.6885981074510633
138032194,0.19959826548726636
138038734,0.48923983187908016
138054092,0.1630972748132131
138061466,0.08886794608042725
138131549,0.08511536229901044
138133911,0.6388196646765798
138143315,0.5939432667289715
138146826,0.13603401920786473
138209015,0.4895871289750995
138211564,0.545998234385953
138228696,0.08441674122682388
138265556,0.09593321101985113
138269573,0.13356004613412836
138285945,0.4091040373633056
138303880,0.5024108167201256
138357393,0.2538576116298877
138366256,0.6636285769139292
138432276,0.6682151704445622
138442835,0.52637074016452
138453204,0.6408769483554583
138487766,0.10756139817356128
138505952,0.6806145643485263
138513501,0.5652476094996927
138523664,0.12375518837656188
138530375,0.10732035489770125
138544975,0.6999095481726346
138572932,0.5150191954246927
138600423,0.11652279878492412
138630120,0.14483064941198237
138632735,0.4970350831656676
138632864,0.09721170361024556
138670373,0.7490257302993415
138811150,0.1087080426980763
138814163,0.7005625069313914
138875492,0.665399324360619
138893900,0.5815608138035772
138921475,0.1194744852714608
138921581,0.49624329927940386
138947161,0.5369576373365688
138958776,0.6538196207532472
138982937,0.777726969515428
139075037,0.4682501695557426
139084130,0.1395970678499838
139106203,0.4972143407235299
139114190,0.1472090957122412
139147538,0.6023840485211374
139221091,0.5343358062107982
139229006,0.10246762692966134
139276870,0.46014454006518224
139343100,0.4785564162400597
139354263,0.6219743028739055
139363743,0.38342681051328387
139388298,0.6621473894030117
139429213,0.5825565444539171
139434099,0.48889755661786416
139434417,0.11866568700512883
139447273,0.5070597626143585
139509720,0.095270814384855
139611422,0.1316303907877825
139635089,0.06741613114148404
139677308,0.11069120341503019
139754107,0.031396045364011194
139821925,0.526416492305699
139835921,0.37604147379040076
139851660,0.48006777236028686
139873454,0.46946485254749276
139969396,0.16321795590435853
140002949,0.5988730582525723
140105160,0.26405796120585406
140201355,0.7426975042868177
140238599,0.14102007662234015
140289949,0.12445178796459798
140290672,0.5781080398220289
140309995,0.6048588586489356
140318746,0.16314292509223594
140325734,0.1679064628588076
140350677,0.14636656452700172
140376148,0.2526638202889241
140377954,0.16271459683883857
140381491,0.6252018969258902
140387378,0.11033441580579748
140405344,0.07671744373979111
140461205,0.08903567758637125
140566029,0.45026758781507914
140571377,0.10343862143022904
140727862,0.10649458433315627
140743289,0.07210715945363978
140750955,0.32061807831212114
140752716,0.3649722562794765
140954749,0.12926175554134323
140984471,0.5729184449354427
141051506,0.6014236508514291
141078310,0.6040874016432566
141091015,0.09709388505540359
141105206,0.09568217816836581
141112163,0.10502818195173319
141169583,0.5853477653476962
141198490,0.18396154655987368
141217664,0.19632023717703448
141236177,0.7179420550769653
141275271,0.711787690916925
141285023,0.2526296471460387
141297056,0.5102349072327381
141333788,0.08980728048972438
141339764,0.13412566290661163
141371895,0.6171871956436796
141382897,0.24692438486311602
141385435,0.1975546767415699
141447385,0.1319986035285632
141467090,0.2616565488437957
141475188,0.17132546948174984
141495702,0.6001796500086584
141530058,0.5263712988320353
141546741,0.0920556753422521
141575107,0.5761297190679252
141583516,0.1482872051398078
141594737,0.6959797520563337
141683031,0.569612253015797
141896970,0.542112661482656
141929342,0.5682447223874784
141935532,0.6322863224985449
141937698,0.5370534086038876
141968494,0.5567881944311747
141979501,0.11764054508856028
142033357,0.6587438445485588
142042466,0.606029801491379
142067849,0.12126463164754601
142069218,0.49769103197032893
142098309,0.5823189210082391
142155633,0.03228856639188687
142158383,0.6132315628819939
142197211,0.6241133373165314
142244387,0.11658873115469802
142302256,0.12772547613862978
142323219,0.4971821595535322
142362711,0.4901413639303133
142389260,0.2520590056772791
142445165,0.4515836481013006
142477128,0.16438536775803422
142495865,0.19075167611973812
142516184,0.05923606525071992
142583117,0.13332778136058837
142586226,0.12402823944963748
142613635,0.10737371436862497
142646794,0.563542768476771
142752958,0.15247947006229406
142809043,0.13423153073805688
142868265,0.11195519177410405
142953782,0.5353682678691846
142981871,0.6129403118304756
143028198,0.09791533816575212
143057765,0.603809286404352
143084924,0.6410788466043561
143086112,0.2448056554488999
143154512,0.6834882244829339
143165259,0.10218281014936027
143179839,0.5101274709559055
143242099,0.051265817090299266
143308539,0.13962970500858027
143313068,0.14616634383857827
143360048,0.480993765443944
143368738,0.24794108593246067
143395896,0.6369546172023992
143460827,0.19506559408851043
143493045,0.14326909363284163
143502101,0.19511685076637547
143515008,0.6488781931457372
143520082,0.7213389653598316
143563585,0.08777759305983805
143577331,0.08311149243422841
143618400,0.1214317439663852
143638298,0.08180097396762931
143650212,0.03572423867807897
143710267,0.5976160319805717
143805525,0.1449401623664606
143907297,0.0969718985801321
143917071,0.10590343209792931
143918911,0.10787421692337146
143922257,0.5043020815470451
143922515,0.0929431140245873
143953973,0.4685576949361804
143962133,0.5544816496534117
144003196,0.14863195558191247
144080108,0.1228141974490223
144114882,0.07360404358854206
144115949,0.596793423348933
144117745,0.08430970419720324
144129174,0.5508391363032864
144132636,0.5100547700693069
144140196,0.022675546619019285
144143700,0.12031533809377061
144224889,0.5608526389135439
144234837,0.08518128552701916
144265836,0.5589272890656003
144292053,0.531120564644676
144300625,0.16645602806813037
144353065,0.10980431538644328
144360663,0.6048136047103396
144363554,0.5807352380365253
144389866,0.12778091822598342
144407384,0.7095201675911728
144428101,0.13181365354153637
144466564,0.47504910337150713
144492169,0.10565546270795567
144515612,0.13787851547392818
144516693,0.11986923499654165
144520553,0.6041817615965236
144533615,0.17670220470825448
144540029,0.0987587598713458
144549679,0.5006765544519116
144569450,0.4723459892908475
144592563,0.7168397828481449
144658473,0.6022410725637155
144677565,0.08670013109436413
144692176,0.21720004759780218
144693869,0.10322257993906199
144705367,0.5173243623910382
144764095,0.43049859849989686
144786214,0.1289085637280543
144821746,0.1589472576529853
145045503,0.21008410615696516
145056563,0.1059077154419619
145059385,0.10780478880802664
145071977,0.6280237596443928
145081823,0.448235744494942
145132708,0.1142898990957142
145202189,0.5085991749984287
145208273,0.6846018530120198
145212057,0.19038428371865448
145217455,0.2237820934344758
145221195,0.5497290747555963
145222706,0.10624206858345828
145269195,0.08906195209400562
145270707,0.1255552068306758
145274936,0.09470150984315964
145279270,0.4374609268735519
145279758,0.584885705542495
145291766,0.46670793945027006
145330711,0.1763289392871949
145372450,0.5276986719684466
145381835,0.4748644781222297
145414802,0.5977712632075944
145437919,0.6339009377821538
145452512,0.6622343798276054
145510025,0.10469591516713232
